207, sasum, M256x256x4_M256x1x4, 263168,
208, sasum, M256x256x4_M256x1x4, 263168,
209, sasum, M256x256x4_M256x1x4, 263168,
210, sasum, M256x256x4_M256x1x4, 263168,
211, sasum, M256x256x4_M256x1x4, 263168,
224, sasum, M256x256x4_M256x1x4, 263168,
225, sasum, M256x256x4_M256x1x4, 263168,
226, sasum, M256x256x4_M256x1x4, 263168,
227, sasum, M256x256x4_M256x1x4, 263168,
228, sasum, M256x256x4_M256x1x4, 263168,
241, sasum, M256x256x4_M256x1x4, 263168,
242, sasum, M256x256x4_M256x1x4, 263168,
243, sasum, M256x256x4_M256x1x4, 263168,
244, sasum, M256x256x4_M256x1x4, 263168,
245, sasum, M256x256x4_M256x1x4, 263168,
258, sasum, M256x256x4_M256x1x4, 263168,
259, sasum, M256x256x4_M256x1x4, 263168,
260, sasum, M256x256x4_M256x1x4, 263168,
261, sasum, M256x256x4_M256x1x4, 263168,
262, sasum, M256x256x4_M256x1x4, 263168,
275, sasum, M256x256x4_M256x1x4, 263168,
276, sasum, M256x256x4_M256x1x4, 263168,
277, sasum, M256x256x4_M256x1x4, 263168,
278, sasum, M256x256x4_M256x1x4, 263168,
279, sasum, M256x256x4_M256x1x4, 263168,
