4211, spotrf, M320x320x4, 409600,
4212, strsm, M320x320x4_M320x320x4, 819200,
4213, strsm, M320x320x4_M320x320x4, 819200,
4214, strsm, M320x320x4_M320x320x4, 819200,
4215, strsm, M320x320x4_M320x320x4, 819200,
4216, strsm, M320x320x4_M320x320x4, 819200,
4217, strsm, M320x320x4_M320x320x4, 819200,
4218, strsm, M320x320x4_M320x320x4, 819200,
4219, strsm, M320x320x4_M320x320x4, 819200,
4220, strsm, M320x320x4_M320x320x4, 819200,
4221, strsm, M320x320x4_M320x320x4, 819200,
4222, strsm, M320x320x4_M320x320x4, 819200,
4223, strsm, M320x320x4_M320x320x4, 819200,
4224, strsm, M320x320x4_M320x320x4, 819200,
4225, strsm, M320x320x4_M320x320x4, 819200,
4226, strsm, M320x320x4_M320x320x4, 819200,
4227, strsm, M320x320x4_M320x320x4, 819200,
4228, strsm, M320x320x4_M320x320x4, 819200,
4229, strsm, M320x320x4_M320x320x4, 819200,
4230, strsm, M320x320x4_M320x320x4, 819200,
4233, ssyrk, M320x320x4_M320x320x4, 819200,
4234, sgemm, M320x320x4_M320x320x4_M320x320x4, 1228800,
4235, sgemm, M320x320x4_M320x320x4_M320x320x4, 1228800,
4236, sgemm, M320x320x4_M320x320x4_M320x320x4, 1228800,
4237, sgemm, M320x320x4_M320x320x4_M320x320x4, 1228800,
4238, sgemm, M320x320x4_M320x320x4_M320x320x4, 1228800,
4239, sgemm, M320x320x4_M320x320x4_M320x320x4, 1228800,
4240, sgemm, M320x320x4_M320x320x4_M320x320x4, 1228800,
4241, sgemm, M320x320x4_M320x320x4_M320x320x4, 1228800,
4242, sgemm, M320x320x4_M320x320x4_M320x320x4, 1228800,
4243, sgemm, M320x320x4_M320x320x4_M320x320x4, 1228800,
4244, sgemm, M320x320x4_M320x320x4_M320x320x4, 1228800,
4245, sgemm, M320x320x4_M320x320x4_M320x320x4, 1228800,
4246, sgemm, M320x320x4_M320x320x4_M320x320x4, 1228800,
4247, sgemm, M320x320x4_M320x320x4_M320x320x4, 1228800,
4248, sgemm, M320x320x4_M320x320x4_M320x320x4, 1228800,
4249, sgemm, M320x320x4_M320x320x4_M320x320x4, 1228800,
4250, sgemm, M320x320x4_M320x320x4_M320x320x4, 1228800,
4251, sgemm, M320x320x4_M320x320x4_M320x320x4, 1228800,
4254, ssyrk, M320x320x4_M320x320x4, 819200,
4255, sgemm, M320x320x4_M320x320x4_M320x320x4, 1228800,
4256, sgemm, M320x320x4_M320x320x4_M320x320x4, 1228800,
4257, sgemm, M320x320x4_M320x320x4_M320x320x4, 1228800,
4258, sgemm, M320x320x4_M320x320x4_M320x320x4, 1228800,
4259, sgemm, M320x320x4_M320x320x4_M320x320x4, 1228800,
4260, sgemm, M320x320x4_M320x320x4_M320x320x4, 1228800,
4261, sgemm, M320x320x4_M320x320x4_M320x320x4, 1228800,
4262, sgemm, M320x320x4_M320x320x4_M320x320x4, 1228800,
4263, sgemm, M320x320x4_M320x320x4_M320x320x4, 1228800,
4264, sgemm, M320x320x4_M320x320x4_M320x320x4, 1228800,
4265, sgemm, M320x320x4_M320x320x4_M320x320x4, 1228800,
4266, sgemm, M320x320x4_M320x320x4_M320x320x4, 1228800,
4267, sgemm, M320x320x4_M320x320x4_M320x320x4, 1228800,
4268, sgemm, M320x320x4_M320x320x4_M320x320x4, 1228800,
4269, sgemm, M320x320x4_M320x320x4_M320x320x4, 1228800,
4270, sgemm, M320x320x4_M320x320x4_M320x320x4, 1228800,
4271, sgemm, M320x320x4_M320x320x4_M320x320x4, 1228800,
4274, ssyrk, M320x320x4_M320x320x4, 819200,
4275, sgemm, M320x320x4_M320x320x4_M320x320x4, 1228800,
4276, sgemm, M320x320x4_M320x320x4_M320x320x4, 1228800,
4277, sgemm, M320x320x4_M320x320x4_M320x320x4, 1228800,
4278, sgemm, M320x320x4_M320x320x4_M320x320x4, 1228800,
4279, sgemm, M320x320x4_M320x320x4_M320x320x4, 1228800,
4280, sgemm, M320x320x4_M320x320x4_M320x320x4, 1228800,
4281, sgemm, M320x320x4_M320x320x4_M320x320x4, 1228800,
4282, sgemm, M320x320x4_M320x320x4_M320x320x4, 1228800,
4283, sgemm, M320x320x4_M320x320x4_M320x320x4, 1228800,
4284, sgemm, M320x320x4_M320x320x4_M320x320x4, 1228800,
4285, sgemm, M320x320x4_M320x320x4_M320x320x4, 1228800,
4286, sgemm, M320x320x4_M320x320x4_M320x320x4, 1228800,
4287, sgemm, M320x320x4_M320x320x4_M320x320x4, 1228800,
4288, sgemm, M320x320x4_M320x320x4_M320x320x4, 1228800,
4289, sgemm, M320x320x4_M320x320x4_M320x320x4, 1228800,
4290, sgemm, M320x320x4_M320x320x4_M320x320x4, 1228800,
4293, ssyrk, M320x320x4_M320x320x4, 819200,
4294, sgemm, M320x320x4_M320x320x4_M320x320x4, 1228800,
4295, sgemm, M320x320x4_M320x320x4_M320x320x4, 1228800,
4296, sgemm, M320x320x4_M320x320x4_M320x320x4, 1228800,
4297, sgemm, M320x320x4_M320x320x4_M320x320x4, 1228800,
4298, sgemm, M320x320x4_M320x320x4_M320x320x4, 1228800,
4299, sgemm, M320x320x4_M320x320x4_M320x320x4, 1228800,
4300, sgemm, M320x320x4_M320x320x4_M320x320x4, 1228800,
4301, sgemm, M320x320x4_M320x320x4_M320x320x4, 1228800,
4302, sgemm, M320x320x4_M320x320x4_M320x320x4, 1228800,
4303, sgemm, M320x320x4_M320x320x4_M320x320x4, 1228800,
4304, sgemm, M320x320x4_M320x320x4_M320x320x4, 1228800,
4305, sgemm, M320x320x4_M320x320x4_M320x320x4, 1228800,
4306, sgemm, M320x320x4_M320x320x4_M320x320x4, 1228800,
4307, sgemm, M320x320x4_M320x320x4_M320x320x4, 1228800,
4308, sgemm, M320x320x4_M320x320x4_M320x320x4, 1228800,
4311, ssyrk, M320x320x4_M320x320x4, 819200,
4312, sgemm, M320x320x4_M320x320x4_M320x320x4, 1228800,
4313, sgemm, M320x320x4_M320x320x4_M320x320x4, 1228800,
4314, sgemm, M320x320x4_M320x320x4_M320x320x4, 1228800,
4315, sgemm, M320x320x4_M320x320x4_M320x320x4, 1228800,
4316, sgemm, M320x320x4_M320x320x4_M320x320x4, 1228800,
4317, sgemm, M320x320x4_M320x320x4_M320x320x4, 1228800,
4318, sgemm, M320x320x4_M320x320x4_M320x320x4, 1228800,
4319, sgemm, M320x320x4_M320x320x4_M320x320x4, 1228800,
4320, sgemm, M320x320x4_M320x320x4_M320x320x4, 1228800,
4321, sgemm, M320x320x4_M320x320x4_M320x320x4, 1228800,
4322, sgemm, M320x320x4_M320x320x4_M320x320x4, 1228800,
4323, sgemm, M320x320x4_M320x320x4_M320x320x4, 1228800,
4324, sgemm, M320x320x4_M320x320x4_M320x320x4, 1228800,
4325, sgemm, M320x320x4_M320x320x4_M320x320x4, 1228800,
4328, ssyrk, M320x320x4_M320x320x4, 819200,
4329, sgemm, M320x320x4_M320x320x4_M320x320x4, 1228800,
4330, sgemm, M320x320x4_M320x320x4_M320x320x4, 1228800,
4331, sgemm, M320x320x4_M320x320x4_M320x320x4, 1228800,
4332, sgemm, M320x320x4_M320x320x4_M320x320x4, 1228800,
4333, sgemm, M320x320x4_M320x320x4_M320x320x4, 1228800,
4334, sgemm, M320x320x4_M320x320x4_M320x320x4, 1228800,
4335, sgemm, M320x320x4_M320x320x4_M320x320x4, 1228800,
4336, sgemm, M320x320x4_M320x320x4_M320x320x4, 1228800,
4337, sgemm, M320x320x4_M320x320x4_M320x320x4, 1228800,
4338, sgemm, M320x320x4_M320x320x4_M320x320x4, 1228800,
4339, sgemm, M320x320x4_M320x320x4_M320x320x4, 1228800,
4340, sgemm, M320x320x4_M320x320x4_M320x320x4, 1228800,
4341, sgemm, M320x320x4_M320x320x4_M320x320x4, 1228800,
4344, ssyrk, M320x320x4_M320x320x4, 819200,
4345, sgemm, M320x320x4_M320x320x4_M320x320x4, 1228800,
4346, sgemm, M320x320x4_M320x320x4_M320x320x4, 1228800,
4347, sgemm, M320x320x4_M320x320x4_M320x320x4, 1228800,
4348, sgemm, M320x320x4_M320x320x4_M320x320x4, 1228800,
4349, sgemm, M320x320x4_M320x320x4_M320x320x4, 1228800,
4350, sgemm, M320x320x4_M320x320x4_M320x320x4, 1228800,
4351, sgemm, M320x320x4_M320x320x4_M320x320x4, 1228800,
4352, sgemm, M320x320x4_M320x320x4_M320x320x4, 1228800,
4353, sgemm, M320x320x4_M320x320x4_M320x320x4, 1228800,
4354, sgemm, M320x320x4_M320x320x4_M320x320x4, 1228800,
4355, sgemm, M320x320x4_M320x320x4_M320x320x4, 1228800,
4356, sgemm, M320x320x4_M320x320x4_M320x320x4, 1228800,
4359, ssyrk, M320x320x4_M320x320x4, 819200,
4360, sgemm, M320x320x4_M320x320x4_M320x320x4, 1228800,
4361, sgemm, M320x320x4_M320x320x4_M320x320x4, 1228800,
4362, sgemm, M320x320x4_M320x320x4_M320x320x4, 1228800,
4363, sgemm, M320x320x4_M320x320x4_M320x320x4, 1228800,
4364, sgemm, M320x320x4_M320x320x4_M320x320x4, 1228800,
4365, sgemm, M320x320x4_M320x320x4_M320x320x4, 1228800,
4366, sgemm, M320x320x4_M320x320x4_M320x320x4, 1228800,
4367, sgemm, M320x320x4_M320x320x4_M320x320x4, 1228800,
4368, sgemm, M320x320x4_M320x320x4_M320x320x4, 1228800,
4369, sgemm, M320x320x4_M320x320x4_M320x320x4, 1228800,
4370, sgemm, M320x320x4_M320x320x4_M320x320x4, 1228800,
4373, ssyrk, M320x320x4_M320x320x4, 819200,
4374, sgemm, M320x320x4_M320x320x4_M320x320x4, 1228800,
4375, sgemm, M320x320x4_M320x320x4_M320x320x4, 1228800,
4376, sgemm, M320x320x4_M320x320x4_M320x320x4, 1228800,
4377, sgemm, M320x320x4_M320x320x4_M320x320x4, 1228800,
4378, sgemm, M320x320x4_M320x320x4_M320x320x4, 1228800,
4379, sgemm, M320x320x4_M320x320x4_M320x320x4, 1228800,
4380, sgemm, M320x320x4_M320x320x4_M320x320x4, 1228800,
4381, sgemm, M320x320x4_M320x320x4_M320x320x4, 1228800,
4382, sgemm, M320x320x4_M320x320x4_M320x320x4, 1228800,
4383, sgemm, M320x320x4_M320x320x4_M320x320x4, 1228800,
4386, ssyrk, M320x320x4_M320x320x4, 819200,
4387, sgemm, M320x320x4_M320x320x4_M320x320x4, 1228800,
4388, sgemm, M320x320x4_M320x320x4_M320x320x4, 1228800,
4389, sgemm, M320x320x4_M320x320x4_M320x320x4, 1228800,
4390, sgemm, M320x320x4_M320x320x4_M320x320x4, 1228800,
4391, sgemm, M320x320x4_M320x320x4_M320x320x4, 1228800,
4392, sgemm, M320x320x4_M320x320x4_M320x320x4, 1228800,
4393, sgemm, M320x320x4_M320x320x4_M320x320x4, 1228800,
4394, sgemm, M320x320x4_M320x320x4_M320x320x4, 1228800,
4395, sgemm, M320x320x4_M320x320x4_M320x320x4, 1228800,
4398, ssyrk, M320x320x4_M320x320x4, 819200,
4399, sgemm, M320x320x4_M320x320x4_M320x320x4, 1228800,
4400, sgemm, M320x320x4_M320x320x4_M320x320x4, 1228800,
4401, sgemm, M320x320x4_M320x320x4_M320x320x4, 1228800,
4402, sgemm, M320x320x4_M320x320x4_M320x320x4, 1228800,
4403, sgemm, M320x320x4_M320x320x4_M320x320x4, 1228800,
4404, sgemm, M320x320x4_M320x320x4_M320x320x4, 1228800,
4405, sgemm, M320x320x4_M320x320x4_M320x320x4, 1228800,
4406, sgemm, M320x320x4_M320x320x4_M320x320x4, 1228800,
4409, ssyrk, M320x320x4_M320x320x4, 819200,
4410, sgemm, M320x320x4_M320x320x4_M320x320x4, 1228800,
4411, sgemm, M320x320x4_M320x320x4_M320x320x4, 1228800,
4412, sgemm, M320x320x4_M320x320x4_M320x320x4, 1228800,
4413, sgemm, M320x320x4_M320x320x4_M320x320x4, 1228800,
4414, sgemm, M320x320x4_M320x320x4_M320x320x4, 1228800,
4415, sgemm, M320x320x4_M320x320x4_M320x320x4, 1228800,
4416, sgemm, M320x320x4_M320x320x4_M320x320x4, 1228800,
4419, ssyrk, M320x320x4_M320x320x4, 819200,
4420, sgemm, M320x320x4_M320x320x4_M320x320x4, 1228800,
4421, sgemm, M320x320x4_M320x320x4_M320x320x4, 1228800,
4422, sgemm, M320x320x4_M320x320x4_M320x320x4, 1228800,
4423, sgemm, M320x320x4_M320x320x4_M320x320x4, 1228800,
4424, sgemm, M320x320x4_M320x320x4_M320x320x4, 1228800,
4425, sgemm, M320x320x4_M320x320x4_M320x320x4, 1228800,
4428, ssyrk, M320x320x4_M320x320x4, 819200,
4429, sgemm, M320x320x4_M320x320x4_M320x320x4, 1228800,
4430, sgemm, M320x320x4_M320x320x4_M320x320x4, 1228800,
4431, sgemm, M320x320x4_M320x320x4_M320x320x4, 1228800,
4432, sgemm, M320x320x4_M320x320x4_M320x320x4, 1228800,
4433, sgemm, M320x320x4_M320x320x4_M320x320x4, 1228800,
4436, ssyrk, M320x320x4_M320x320x4, 819200,
4437, sgemm, M320x320x4_M320x320x4_M320x320x4, 1228800,
4438, sgemm, M320x320x4_M320x320x4_M320x320x4, 1228800,
4439, sgemm, M320x320x4_M320x320x4_M320x320x4, 1228800,
4440, sgemm, M320x320x4_M320x320x4_M320x320x4, 1228800,
4443, ssyrk, M320x320x4_M320x320x4, 819200,
4444, sgemm, M320x320x4_M320x320x4_M320x320x4, 1228800,
4445, sgemm, M320x320x4_M320x320x4_M320x320x4, 1228800,
4446, sgemm, M320x320x4_M320x320x4_M320x320x4, 1228800,
4449, ssyrk, M320x320x4_M320x320x4, 819200,
4450, sgemm, M320x320x4_M320x320x4_M320x320x4, 1228800,
4451, sgemm, M320x320x4_M320x320x4_M320x320x4, 1228800,
4454, ssyrk, M320x320x4_M320x320x4, 819200,
4455, sgemm, M320x320x4_M320x320x4_M320x320x4, 1228800,
4458, ssyrk, M320x320x4_M320x320x4, 819200,
4461, spotrf, M320x320x4, 409600,
4462, strsm, M320x320x4_M320x320x4, 819200,
4463, strsm, M320x320x4_M320x320x4, 819200,
4464, strsm, M320x320x4_M320x320x4, 819200,
4465, strsm, M320x320x4_M320x320x4, 819200,
4466, strsm, M320x320x4_M320x320x4, 819200,
4467, strsm, M320x320x4_M320x320x4, 819200,
4468, strsm, M320x320x4_M320x320x4, 819200,
4469, strsm, M320x320x4_M320x320x4, 819200,
4470, strsm, M320x320x4_M320x320x4, 819200,
4471, strsm, M320x320x4_M320x320x4, 819200,
4472, strsm, M320x320x4_M320x320x4, 819200,
4473, strsm, M320x320x4_M320x320x4, 819200,
4474, strsm, M320x320x4_M320x320x4, 819200,
4475, strsm, M320x320x4_M320x320x4, 819200,
4476, strsm, M320x320x4_M320x320x4, 819200,
4477, strsm, M320x320x4_M320x320x4, 819200,
4478, strsm, M320x320x4_M320x320x4, 819200,
4479, strsm, M320x320x4_M320x320x4, 819200,
4482, ssyrk, M320x320x4_M320x320x4, 819200,
4483, sgemm, M320x320x4_M320x320x4_M320x320x4, 1228800,
4484, sgemm, M320x320x4_M320x320x4_M320x320x4, 1228800,
4485, sgemm, M320x320x4_M320x320x4_M320x320x4, 1228800,
4486, sgemm, M320x320x4_M320x320x4_M320x320x4, 1228800,
4487, sgemm, M320x320x4_M320x320x4_M320x320x4, 1228800,
4488, sgemm, M320x320x4_M320x320x4_M320x320x4, 1228800,
4489, sgemm, M320x320x4_M320x320x4_M320x320x4, 1228800,
4490, sgemm, M320x320x4_M320x320x4_M320x320x4, 1228800,
4491, sgemm, M320x320x4_M320x320x4_M320x320x4, 1228800,
4492, sgemm, M320x320x4_M320x320x4_M320x320x4, 1228800,
4493, sgemm, M320x320x4_M320x320x4_M320x320x4, 1228800,
4494, sgemm, M320x320x4_M320x320x4_M320x320x4, 1228800,
4495, sgemm, M320x320x4_M320x320x4_M320x320x4, 1228800,
4496, sgemm, M320x320x4_M320x320x4_M320x320x4, 1228800,
4497, sgemm, M320x320x4_M320x320x4_M320x320x4, 1228800,
4498, sgemm, M320x320x4_M320x320x4_M320x320x4, 1228800,
4499, sgemm, M320x320x4_M320x320x4_M320x320x4, 1228800,
4502, ssyrk, M320x320x4_M320x320x4, 819200,
4503, sgemm, M320x320x4_M320x320x4_M320x320x4, 1228800,
4504, sgemm, M320x320x4_M320x320x4_M320x320x4, 1228800,
4505, sgemm, M320x320x4_M320x320x4_M320x320x4, 1228800,
4506, sgemm, M320x320x4_M320x320x4_M320x320x4, 1228800,
4507, sgemm, M320x320x4_M320x320x4_M320x320x4, 1228800,
4508, sgemm, M320x320x4_M320x320x4_M320x320x4, 1228800,
4509, sgemm, M320x320x4_M320x320x4_M320x320x4, 1228800,
4510, sgemm, M320x320x4_M320x320x4_M320x320x4, 1228800,
4511, sgemm, M320x320x4_M320x320x4_M320x320x4, 1228800,
4512, sgemm, M320x320x4_M320x320x4_M320x320x4, 1228800,
4513, sgemm, M320x320x4_M320x320x4_M320x320x4, 1228800,
4514, sgemm, M320x320x4_M320x320x4_M320x320x4, 1228800,
4515, sgemm, M320x320x4_M320x320x4_M320x320x4, 1228800,
4516, sgemm, M320x320x4_M320x320x4_M320x320x4, 1228800,
4517, sgemm, M320x320x4_M320x320x4_M320x320x4, 1228800,
4518, sgemm, M320x320x4_M320x320x4_M320x320x4, 1228800,
4521, ssyrk, M320x320x4_M320x320x4, 819200,
4522, sgemm, M320x320x4_M320x320x4_M320x320x4, 1228800,
4523, sgemm, M320x320x4_M320x320x4_M320x320x4, 1228800,
4524, sgemm, M320x320x4_M320x320x4_M320x320x4, 1228800,
4525, sgemm, M320x320x4_M320x320x4_M320x320x4, 1228800,
4526, sgemm, M320x320x4_M320x320x4_M320x320x4, 1228800,
4527, sgemm, M320x320x4_M320x320x4_M320x320x4, 1228800,
4528, sgemm, M320x320x4_M320x320x4_M320x320x4, 1228800,
4529, sgemm, M320x320x4_M320x320x4_M320x320x4, 1228800,
4530, sgemm, M320x320x4_M320x320x4_M320x320x4, 1228800,
4531, sgemm, M320x320x4_M320x320x4_M320x320x4, 1228800,
4532, sgemm, M320x320x4_M320x320x4_M320x320x4, 1228800,
4533, sgemm, M320x320x4_M320x320x4_M320x320x4, 1228800,
4534, sgemm, M320x320x4_M320x320x4_M320x320x4, 1228800,
4535, sgemm, M320x320x4_M320x320x4_M320x320x4, 1228800,
4536, sgemm, M320x320x4_M320x320x4_M320x320x4, 1228800,
4539, ssyrk, M320x320x4_M320x320x4, 819200,
4540, sgemm, M320x320x4_M320x320x4_M320x320x4, 1228800,
4541, sgemm, M320x320x4_M320x320x4_M320x320x4, 1228800,
4542, sgemm, M320x320x4_M320x320x4_M320x320x4, 1228800,
4543, sgemm, M320x320x4_M320x320x4_M320x320x4, 1228800,
4544, sgemm, M320x320x4_M320x320x4_M320x320x4, 1228800,
4545, sgemm, M320x320x4_M320x320x4_M320x320x4, 1228800,
4546, sgemm, M320x320x4_M320x320x4_M320x320x4, 1228800,
4547, sgemm, M320x320x4_M320x320x4_M320x320x4, 1228800,
4548, sgemm, M320x320x4_M320x320x4_M320x320x4, 1228800,
4549, sgemm, M320x320x4_M320x320x4_M320x320x4, 1228800,
4550, sgemm, M320x320x4_M320x320x4_M320x320x4, 1228800,
4551, sgemm, M320x320x4_M320x320x4_M320x320x4, 1228800,
4552, sgemm, M320x320x4_M320x320x4_M320x320x4, 1228800,
4553, sgemm, M320x320x4_M320x320x4_M320x320x4, 1228800,
4556, ssyrk, M320x320x4_M320x320x4, 819200,
4557, sgemm, M320x320x4_M320x320x4_M320x320x4, 1228800,
4558, sgemm, M320x320x4_M320x320x4_M320x320x4, 1228800,
4559, sgemm, M320x320x4_M320x320x4_M320x320x4, 1228800,
4560, sgemm, M320x320x4_M320x320x4_M320x320x4, 1228800,
4561, sgemm, M320x320x4_M320x320x4_M320x320x4, 1228800,
4562, sgemm, M320x320x4_M320x320x4_M320x320x4, 1228800,
4563, sgemm, M320x320x4_M320x320x4_M320x320x4, 1228800,
4564, sgemm, M320x320x4_M320x320x4_M320x320x4, 1228800,
4565, sgemm, M320x320x4_M320x320x4_M320x320x4, 1228800,
4566, sgemm, M320x320x4_M320x320x4_M320x320x4, 1228800,
4567, sgemm, M320x320x4_M320x320x4_M320x320x4, 1228800,
4568, sgemm, M320x320x4_M320x320x4_M320x320x4, 1228800,
4569, sgemm, M320x320x4_M320x320x4_M320x320x4, 1228800,
4572, ssyrk, M320x320x4_M320x320x4, 819200,
4573, sgemm, M320x320x4_M320x320x4_M320x320x4, 1228800,
4574, sgemm, M320x320x4_M320x320x4_M320x320x4, 1228800,
4575, sgemm, M320x320x4_M320x320x4_M320x320x4, 1228800,
4576, sgemm, M320x320x4_M320x320x4_M320x320x4, 1228800,
4577, sgemm, M320x320x4_M320x320x4_M320x320x4, 1228800,
4578, sgemm, M320x320x4_M320x320x4_M320x320x4, 1228800,
4579, sgemm, M320x320x4_M320x320x4_M320x320x4, 1228800,
4580, sgemm, M320x320x4_M320x320x4_M320x320x4, 1228800,
4581, sgemm, M320x320x4_M320x320x4_M320x320x4, 1228800,
4582, sgemm, M320x320x4_M320x320x4_M320x320x4, 1228800,
4583, sgemm, M320x320x4_M320x320x4_M320x320x4, 1228800,
4584, sgemm, M320x320x4_M320x320x4_M320x320x4, 1228800,
4587, ssyrk, M320x320x4_M320x320x4, 819200,
4588, sgemm, M320x320x4_M320x320x4_M320x320x4, 1228800,
4589, sgemm, M320x320x4_M320x320x4_M320x320x4, 1228800,
4590, sgemm, M320x320x4_M320x320x4_M320x320x4, 1228800,
4591, sgemm, M320x320x4_M320x320x4_M320x320x4, 1228800,
4592, sgemm, M320x320x4_M320x320x4_M320x320x4, 1228800,
4593, sgemm, M320x320x4_M320x320x4_M320x320x4, 1228800,
4594, sgemm, M320x320x4_M320x320x4_M320x320x4, 1228800,
4595, sgemm, M320x320x4_M320x320x4_M320x320x4, 1228800,
4596, sgemm, M320x320x4_M320x320x4_M320x320x4, 1228800,
4597, sgemm, M320x320x4_M320x320x4_M320x320x4, 1228800,
4598, sgemm, M320x320x4_M320x320x4_M320x320x4, 1228800,
4601, ssyrk, M320x320x4_M320x320x4, 819200,
4602, sgemm, M320x320x4_M320x320x4_M320x320x4, 1228800,
4603, sgemm, M320x320x4_M320x320x4_M320x320x4, 1228800,
4604, sgemm, M320x320x4_M320x320x4_M320x320x4, 1228800,
4605, sgemm, M320x320x4_M320x320x4_M320x320x4, 1228800,
4606, sgemm, M320x320x4_M320x320x4_M320x320x4, 1228800,
4607, sgemm, M320x320x4_M320x320x4_M320x320x4, 1228800,
4608, sgemm, M320x320x4_M320x320x4_M320x320x4, 1228800,
4609, sgemm, M320x320x4_M320x320x4_M320x320x4, 1228800,
4610, sgemm, M320x320x4_M320x320x4_M320x320x4, 1228800,
4611, sgemm, M320x320x4_M320x320x4_M320x320x4, 1228800,
4614, ssyrk, M320x320x4_M320x320x4, 819200,
4615, sgemm, M320x320x4_M320x320x4_M320x320x4, 1228800,
4616, sgemm, M320x320x4_M320x320x4_M320x320x4, 1228800,
4617, sgemm, M320x320x4_M320x320x4_M320x320x4, 1228800,
4618, sgemm, M320x320x4_M320x320x4_M320x320x4, 1228800,
4619, sgemm, M320x320x4_M320x320x4_M320x320x4, 1228800,
4620, sgemm, M320x320x4_M320x320x4_M320x320x4, 1228800,
4621, sgemm, M320x320x4_M320x320x4_M320x320x4, 1228800,
4622, sgemm, M320x320x4_M320x320x4_M320x320x4, 1228800,
4623, sgemm, M320x320x4_M320x320x4_M320x320x4, 1228800,
4626, ssyrk, M320x320x4_M320x320x4, 819200,
4627, sgemm, M320x320x4_M320x320x4_M320x320x4, 1228800,
4628, sgemm, M320x320x4_M320x320x4_M320x320x4, 1228800,
4629, sgemm, M320x320x4_M320x320x4_M320x320x4, 1228800,
4630, sgemm, M320x320x4_M320x320x4_M320x320x4, 1228800,
4631, sgemm, M320x320x4_M320x320x4_M320x320x4, 1228800,
4632, sgemm, M320x320x4_M320x320x4_M320x320x4, 1228800,
4633, sgemm, M320x320x4_M320x320x4_M320x320x4, 1228800,
4634, sgemm, M320x320x4_M320x320x4_M320x320x4, 1228800,
4637, ssyrk, M320x320x4_M320x320x4, 819200,
4638, sgemm, M320x320x4_M320x320x4_M320x320x4, 1228800,
4639, sgemm, M320x320x4_M320x320x4_M320x320x4, 1228800,
4640, sgemm, M320x320x4_M320x320x4_M320x320x4, 1228800,
4641, sgemm, M320x320x4_M320x320x4_M320x320x4, 1228800,
4642, sgemm, M320x320x4_M320x320x4_M320x320x4, 1228800,
4643, sgemm, M320x320x4_M320x320x4_M320x320x4, 1228800,
4644, sgemm, M320x320x4_M320x320x4_M320x320x4, 1228800,
4647, ssyrk, M320x320x4_M320x320x4, 819200,
4648, sgemm, M320x320x4_M320x320x4_M320x320x4, 1228800,
4649, sgemm, M320x320x4_M320x320x4_M320x320x4, 1228800,
4650, sgemm, M320x320x4_M320x320x4_M320x320x4, 1228800,
4651, sgemm, M320x320x4_M320x320x4_M320x320x4, 1228800,
4652, sgemm, M320x320x4_M320x320x4_M320x320x4, 1228800,
4653, sgemm, M320x320x4_M320x320x4_M320x320x4, 1228800,
4656, ssyrk, M320x320x4_M320x320x4, 819200,
4657, sgemm, M320x320x4_M320x320x4_M320x320x4, 1228800,
4658, sgemm, M320x320x4_M320x320x4_M320x320x4, 1228800,
4659, sgemm, M320x320x4_M320x320x4_M320x320x4, 1228800,
4660, sgemm, M320x320x4_M320x320x4_M320x320x4, 1228800,
4661, sgemm, M320x320x4_M320x320x4_M320x320x4, 1228800,
4664, ssyrk, M320x320x4_M320x320x4, 819200,
4665, sgemm, M320x320x4_M320x320x4_M320x320x4, 1228800,
4666, sgemm, M320x320x4_M320x320x4_M320x320x4, 1228800,
4667, sgemm, M320x320x4_M320x320x4_M320x320x4, 1228800,
4668, sgemm, M320x320x4_M320x320x4_M320x320x4, 1228800,
4671, ssyrk, M320x320x4_M320x320x4, 819200,
4672, sgemm, M320x320x4_M320x320x4_M320x320x4, 1228800,
4673, sgemm, M320x320x4_M320x320x4_M320x320x4, 1228800,
4674, sgemm, M320x320x4_M320x320x4_M320x320x4, 1228800,
4677, ssyrk, M320x320x4_M320x320x4, 819200,
4678, sgemm, M320x320x4_M320x320x4_M320x320x4, 1228800,
4679, sgemm, M320x320x4_M320x320x4_M320x320x4, 1228800,
4682, ssyrk, M320x320x4_M320x320x4, 819200,
4683, sgemm, M320x320x4_M320x320x4_M320x320x4, 1228800,
4686, ssyrk, M320x320x4_M320x320x4, 819200,
4689, spotrf, M320x320x4, 409600,
4690, strsm, M320x320x4_M320x320x4, 819200,
4691, strsm, M320x320x4_M320x320x4, 819200,
4692, strsm, M320x320x4_M320x320x4, 819200,
4693, strsm, M320x320x4_M320x320x4, 819200,
4694, strsm, M320x320x4_M320x320x4, 819200,
4695, strsm, M320x320x4_M320x320x4, 819200,
4696, strsm, M320x320x4_M320x320x4, 819200,
4697, strsm, M320x320x4_M320x320x4, 819200,
4698, strsm, M320x320x4_M320x320x4, 819200,
4699, strsm, M320x320x4_M320x320x4, 819200,
4700, strsm, M320x320x4_M320x320x4, 819200,
4701, strsm, M320x320x4_M320x320x4, 819200,
4702, strsm, M320x320x4_M320x320x4, 819200,
4703, strsm, M320x320x4_M320x320x4, 819200,
4704, strsm, M320x320x4_M320x320x4, 819200,
4705, strsm, M320x320x4_M320x320x4, 819200,
4706, strsm, M320x320x4_M320x320x4, 819200,
4709, ssyrk, M320x320x4_M320x320x4, 819200,
4710, sgemm, M320x320x4_M320x320x4_M320x320x4, 1228800,
4711, sgemm, M320x320x4_M320x320x4_M320x320x4, 1228800,
4712, sgemm, M320x320x4_M320x320x4_M320x320x4, 1228800,
4713, sgemm, M320x320x4_M320x320x4_M320x320x4, 1228800,
4714, sgemm, M320x320x4_M320x320x4_M320x320x4, 1228800,
4715, sgemm, M320x320x4_M320x320x4_M320x320x4, 1228800,
4716, sgemm, M320x320x4_M320x320x4_M320x320x4, 1228800,
4717, sgemm, M320x320x4_M320x320x4_M320x320x4, 1228800,
4718, sgemm, M320x320x4_M320x320x4_M320x320x4, 1228800,
4719, sgemm, M320x320x4_M320x320x4_M320x320x4, 1228800,
4720, sgemm, M320x320x4_M320x320x4_M320x320x4, 1228800,
4721, sgemm, M320x320x4_M320x320x4_M320x320x4, 1228800,
4722, sgemm, M320x320x4_M320x320x4_M320x320x4, 1228800,
4723, sgemm, M320x320x4_M320x320x4_M320x320x4, 1228800,
4724, sgemm, M320x320x4_M320x320x4_M320x320x4, 1228800,
4725, sgemm, M320x320x4_M320x320x4_M320x320x4, 1228800,
4728, ssyrk, M320x320x4_M320x320x4, 819200,
4729, sgemm, M320x320x4_M320x320x4_M320x320x4, 1228800,
4730, sgemm, M320x320x4_M320x320x4_M320x320x4, 1228800,
4731, sgemm, M320x320x4_M320x320x4_M320x320x4, 1228800,
4732, sgemm, M320x320x4_M320x320x4_M320x320x4, 1228800,
4733, sgemm, M320x320x4_M320x320x4_M320x320x4, 1228800,
4734, sgemm, M320x320x4_M320x320x4_M320x320x4, 1228800,
4735, sgemm, M320x320x4_M320x320x4_M320x320x4, 1228800,
4736, sgemm, M320x320x4_M320x320x4_M320x320x4, 1228800,
4737, sgemm, M320x320x4_M320x320x4_M320x320x4, 1228800,
4738, sgemm, M320x320x4_M320x320x4_M320x320x4, 1228800,
4739, sgemm, M320x320x4_M320x320x4_M320x320x4, 1228800,
4740, sgemm, M320x320x4_M320x320x4_M320x320x4, 1228800,
4741, sgemm, M320x320x4_M320x320x4_M320x320x4, 1228800,
4742, sgemm, M320x320x4_M320x320x4_M320x320x4, 1228800,
4743, sgemm, M320x320x4_M320x320x4_M320x320x4, 1228800,
4746, ssyrk, M320x320x4_M320x320x4, 819200,
4747, sgemm, M320x320x4_M320x320x4_M320x320x4, 1228800,
4748, sgemm, M320x320x4_M320x320x4_M320x320x4, 1228800,
4749, sgemm, M320x320x4_M320x320x4_M320x320x4, 1228800,
4750, sgemm, M320x320x4_M320x320x4_M320x320x4, 1228800,
4751, sgemm, M320x320x4_M320x320x4_M320x320x4, 1228800,
4752, sgemm, M320x320x4_M320x320x4_M320x320x4, 1228800,
4753, sgemm, M320x320x4_M320x320x4_M320x320x4, 1228800,
4754, sgemm, M320x320x4_M320x320x4_M320x320x4, 1228800,
4755, sgemm, M320x320x4_M320x320x4_M320x320x4, 1228800,
4756, sgemm, M320x320x4_M320x320x4_M320x320x4, 1228800,
4757, sgemm, M320x320x4_M320x320x4_M320x320x4, 1228800,
4758, sgemm, M320x320x4_M320x320x4_M320x320x4, 1228800,
4759, sgemm, M320x320x4_M320x320x4_M320x320x4, 1228800,
4760, sgemm, M320x320x4_M320x320x4_M320x320x4, 1228800,
4763, ssyrk, M320x320x4_M320x320x4, 819200,
4764, sgemm, M320x320x4_M320x320x4_M320x320x4, 1228800,
4765, sgemm, M320x320x4_M320x320x4_M320x320x4, 1228800,
4766, sgemm, M320x320x4_M320x320x4_M320x320x4, 1228800,
4767, sgemm, M320x320x4_M320x320x4_M320x320x4, 1228800,
4768, sgemm, M320x320x4_M320x320x4_M320x320x4, 1228800,
4769, sgemm, M320x320x4_M320x320x4_M320x320x4, 1228800,
4770, sgemm, M320x320x4_M320x320x4_M320x320x4, 1228800,
4771, sgemm, M320x320x4_M320x320x4_M320x320x4, 1228800,
4772, sgemm, M320x320x4_M320x320x4_M320x320x4, 1228800,
4773, sgemm, M320x320x4_M320x320x4_M320x320x4, 1228800,
4774, sgemm, M320x320x4_M320x320x4_M320x320x4, 1228800,
4775, sgemm, M320x320x4_M320x320x4_M320x320x4, 1228800,
4776, sgemm, M320x320x4_M320x320x4_M320x320x4, 1228800,
4779, ssyrk, M320x320x4_M320x320x4, 819200,
4780, sgemm, M320x320x4_M320x320x4_M320x320x4, 1228800,
4781, sgemm, M320x320x4_M320x320x4_M320x320x4, 1228800,
4782, sgemm, M320x320x4_M320x320x4_M320x320x4, 1228800,
4783, sgemm, M320x320x4_M320x320x4_M320x320x4, 1228800,
4784, sgemm, M320x320x4_M320x320x4_M320x320x4, 1228800,
4785, sgemm, M320x320x4_M320x320x4_M320x320x4, 1228800,
4786, sgemm, M320x320x4_M320x320x4_M320x320x4, 1228800,
4787, sgemm, M320x320x4_M320x320x4_M320x320x4, 1228800,
4788, sgemm, M320x320x4_M320x320x4_M320x320x4, 1228800,
4789, sgemm, M320x320x4_M320x320x4_M320x320x4, 1228800,
4790, sgemm, M320x320x4_M320x320x4_M320x320x4, 1228800,
4791, sgemm, M320x320x4_M320x320x4_M320x320x4, 1228800,
4794, ssyrk, M320x320x4_M320x320x4, 819200,
4795, sgemm, M320x320x4_M320x320x4_M320x320x4, 1228800,
4796, sgemm, M320x320x4_M320x320x4_M320x320x4, 1228800,
4797, sgemm, M320x320x4_M320x320x4_M320x320x4, 1228800,
4798, sgemm, M320x320x4_M320x320x4_M320x320x4, 1228800,
4799, sgemm, M320x320x4_M320x320x4_M320x320x4, 1228800,
4800, sgemm, M320x320x4_M320x320x4_M320x320x4, 1228800,
4801, sgemm, M320x320x4_M320x320x4_M320x320x4, 1228800,
4802, sgemm, M320x320x4_M320x320x4_M320x320x4, 1228800,
4803, sgemm, M320x320x4_M320x320x4_M320x320x4, 1228800,
4804, sgemm, M320x320x4_M320x320x4_M320x320x4, 1228800,
4805, sgemm, M320x320x4_M320x320x4_M320x320x4, 1228800,
4808, ssyrk, M320x320x4_M320x320x4, 819200,
4809, sgemm, M320x320x4_M320x320x4_M320x320x4, 1228800,
4810, sgemm, M320x320x4_M320x320x4_M320x320x4, 1228800,
4811, sgemm, M320x320x4_M320x320x4_M320x320x4, 1228800,
4812, sgemm, M320x320x4_M320x320x4_M320x320x4, 1228800,
4813, sgemm, M320x320x4_M320x320x4_M320x320x4, 1228800,
4814, sgemm, M320x320x4_M320x320x4_M320x320x4, 1228800,
4815, sgemm, M320x320x4_M320x320x4_M320x320x4, 1228800,
4816, sgemm, M320x320x4_M320x320x4_M320x320x4, 1228800,
4817, sgemm, M320x320x4_M320x320x4_M320x320x4, 1228800,
4818, sgemm, M320x320x4_M320x320x4_M320x320x4, 1228800,
4821, ssyrk, M320x320x4_M320x320x4, 819200,
4822, sgemm, M320x320x4_M320x320x4_M320x320x4, 1228800,
4823, sgemm, M320x320x4_M320x320x4_M320x320x4, 1228800,
4824, sgemm, M320x320x4_M320x320x4_M320x320x4, 1228800,
4825, sgemm, M320x320x4_M320x320x4_M320x320x4, 1228800,
4826, sgemm, M320x320x4_M320x320x4_M320x320x4, 1228800,
4827, sgemm, M320x320x4_M320x320x4_M320x320x4, 1228800,
4828, sgemm, M320x320x4_M320x320x4_M320x320x4, 1228800,
4829, sgemm, M320x320x4_M320x320x4_M320x320x4, 1228800,
4830, sgemm, M320x320x4_M320x320x4_M320x320x4, 1228800,
4833, ssyrk, M320x320x4_M320x320x4, 819200,
4834, sgemm, M320x320x4_M320x320x4_M320x320x4, 1228800,
4835, sgemm, M320x320x4_M320x320x4_M320x320x4, 1228800,
4836, sgemm, M320x320x4_M320x320x4_M320x320x4, 1228800,
4837, sgemm, M320x320x4_M320x320x4_M320x320x4, 1228800,
4838, sgemm, M320x320x4_M320x320x4_M320x320x4, 1228800,
4839, sgemm, M320x320x4_M320x320x4_M320x320x4, 1228800,
4840, sgemm, M320x320x4_M320x320x4_M320x320x4, 1228800,
4841, sgemm, M320x320x4_M320x320x4_M320x320x4, 1228800,
4844, ssyrk, M320x320x4_M320x320x4, 819200,
4845, sgemm, M320x320x4_M320x320x4_M320x320x4, 1228800,
4846, sgemm, M320x320x4_M320x320x4_M320x320x4, 1228800,
4847, sgemm, M320x320x4_M320x320x4_M320x320x4, 1228800,
4848, sgemm, M320x320x4_M320x320x4_M320x320x4, 1228800,
4849, sgemm, M320x320x4_M320x320x4_M320x320x4, 1228800,
4850, sgemm, M320x320x4_M320x320x4_M320x320x4, 1228800,
4851, sgemm, M320x320x4_M320x320x4_M320x320x4, 1228800,
4854, ssyrk, M320x320x4_M320x320x4, 819200,
4855, sgemm, M320x320x4_M320x320x4_M320x320x4, 1228800,
4856, sgemm, M320x320x4_M320x320x4_M320x320x4, 1228800,
4857, sgemm, M320x320x4_M320x320x4_M320x320x4, 1228800,
4858, sgemm, M320x320x4_M320x320x4_M320x320x4, 1228800,
4859, sgemm, M320x320x4_M320x320x4_M320x320x4, 1228800,
4860, sgemm, M320x320x4_M320x320x4_M320x320x4, 1228800,
4863, ssyrk, M320x320x4_M320x320x4, 819200,
4864, sgemm, M320x320x4_M320x320x4_M320x320x4, 1228800,
4865, sgemm, M320x320x4_M320x320x4_M320x320x4, 1228800,
4866, sgemm, M320x320x4_M320x320x4_M320x320x4, 1228800,
4867, sgemm, M320x320x4_M320x320x4_M320x320x4, 1228800,
4868, sgemm, M320x320x4_M320x320x4_M320x320x4, 1228800,
4871, ssyrk, M320x320x4_M320x320x4, 819200,
4872, sgemm, M320x320x4_M320x320x4_M320x320x4, 1228800,
4873, sgemm, M320x320x4_M320x320x4_M320x320x4, 1228800,
4874, sgemm, M320x320x4_M320x320x4_M320x320x4, 1228800,
4875, sgemm, M320x320x4_M320x320x4_M320x320x4, 1228800,
4878, ssyrk, M320x320x4_M320x320x4, 819200,
4879, sgemm, M320x320x4_M320x320x4_M320x320x4, 1228800,
4880, sgemm, M320x320x4_M320x320x4_M320x320x4, 1228800,
4881, sgemm, M320x320x4_M320x320x4_M320x320x4, 1228800,
4884, ssyrk, M320x320x4_M320x320x4, 819200,
4885, sgemm, M320x320x4_M320x320x4_M320x320x4, 1228800,
4886, sgemm, M320x320x4_M320x320x4_M320x320x4, 1228800,
4889, ssyrk, M320x320x4_M320x320x4, 819200,
4890, sgemm, M320x320x4_M320x320x4_M320x320x4, 1228800,
4893, ssyrk, M320x320x4_M320x320x4, 819200,
4896, spotrf, M320x320x4, 409600,
4897, strsm, M320x320x4_M320x320x4, 819200,
4898, strsm, M320x320x4_M320x320x4, 819200,
4899, strsm, M320x320x4_M320x320x4, 819200,
4900, strsm, M320x320x4_M320x320x4, 819200,
4901, strsm, M320x320x4_M320x320x4, 819200,
4902, strsm, M320x320x4_M320x320x4, 819200,
4903, strsm, M320x320x4_M320x320x4, 819200,
4904, strsm, M320x320x4_M320x320x4, 819200,
4905, strsm, M320x320x4_M320x320x4, 819200,
4906, strsm, M320x320x4_M320x320x4, 819200,
4907, strsm, M320x320x4_M320x320x4, 819200,
4908, strsm, M320x320x4_M320x320x4, 819200,
4909, strsm, M320x320x4_M320x320x4, 819200,
4910, strsm, M320x320x4_M320x320x4, 819200,
4911, strsm, M320x320x4_M320x320x4, 819200,
4912, strsm, M320x320x4_M320x320x4, 819200,
4915, ssyrk, M320x320x4_M320x320x4, 819200,
4916, sgemm, M320x320x4_M320x320x4_M320x320x4, 1228800,
4917, sgemm, M320x320x4_M320x320x4_M320x320x4, 1228800,
4918, sgemm, M320x320x4_M320x320x4_M320x320x4, 1228800,
4919, sgemm, M320x320x4_M320x320x4_M320x320x4, 1228800,
4920, sgemm, M320x320x4_M320x320x4_M320x320x4, 1228800,
4921, sgemm, M320x320x4_M320x320x4_M320x320x4, 1228800,
4922, sgemm, M320x320x4_M320x320x4_M320x320x4, 1228800,
4923, sgemm, M320x320x4_M320x320x4_M320x320x4, 1228800,
4924, sgemm, M320x320x4_M320x320x4_M320x320x4, 1228800,
4925, sgemm, M320x320x4_M320x320x4_M320x320x4, 1228800,
4926, sgemm, M320x320x4_M320x320x4_M320x320x4, 1228800,
4927, sgemm, M320x320x4_M320x320x4_M320x320x4, 1228800,
4928, sgemm, M320x320x4_M320x320x4_M320x320x4, 1228800,
4929, sgemm, M320x320x4_M320x320x4_M320x320x4, 1228800,
4930, sgemm, M320x320x4_M320x320x4_M320x320x4, 1228800,
4933, ssyrk, M320x320x4_M320x320x4, 819200,
4934, sgemm, M320x320x4_M320x320x4_M320x320x4, 1228800,
4935, sgemm, M320x320x4_M320x320x4_M320x320x4, 1228800,
4936, sgemm, M320x320x4_M320x320x4_M320x320x4, 1228800,
4937, sgemm, M320x320x4_M320x320x4_M320x320x4, 1228800,
4938, sgemm, M320x320x4_M320x320x4_M320x320x4, 1228800,
4939, sgemm, M320x320x4_M320x320x4_M320x320x4, 1228800,
4940, sgemm, M320x320x4_M320x320x4_M320x320x4, 1228800,
4941, sgemm, M320x320x4_M320x320x4_M320x320x4, 1228800,
4942, sgemm, M320x320x4_M320x320x4_M320x320x4, 1228800,
4943, sgemm, M320x320x4_M320x320x4_M320x320x4, 1228800,
4944, sgemm, M320x320x4_M320x320x4_M320x320x4, 1228800,
4945, sgemm, M320x320x4_M320x320x4_M320x320x4, 1228800,
4946, sgemm, M320x320x4_M320x320x4_M320x320x4, 1228800,
4947, sgemm, M320x320x4_M320x320x4_M320x320x4, 1228800,
4950, ssyrk, M320x320x4_M320x320x4, 819200,
4951, sgemm, M320x320x4_M320x320x4_M320x320x4, 1228800,
4952, sgemm, M320x320x4_M320x320x4_M320x320x4, 1228800,
4953, sgemm, M320x320x4_M320x320x4_M320x320x4, 1228800,
4954, sgemm, M320x320x4_M320x320x4_M320x320x4, 1228800,
4955, sgemm, M320x320x4_M320x320x4_M320x320x4, 1228800,
4956, sgemm, M320x320x4_M320x320x4_M320x320x4, 1228800,
4957, sgemm, M320x320x4_M320x320x4_M320x320x4, 1228800,
4958, sgemm, M320x320x4_M320x320x4_M320x320x4, 1228800,
4959, sgemm, M320x320x4_M320x320x4_M320x320x4, 1228800,
4960, sgemm, M320x320x4_M320x320x4_M320x320x4, 1228800,
4961, sgemm, M320x320x4_M320x320x4_M320x320x4, 1228800,
4962, sgemm, M320x320x4_M320x320x4_M320x320x4, 1228800,
4963, sgemm, M320x320x4_M320x320x4_M320x320x4, 1228800,
4966, ssyrk, M320x320x4_M320x320x4, 819200,
4967, sgemm, M320x320x4_M320x320x4_M320x320x4, 1228800,
4968, sgemm, M320x320x4_M320x320x4_M320x320x4, 1228800,
4969, sgemm, M320x320x4_M320x320x4_M320x320x4, 1228800,
4970, sgemm, M320x320x4_M320x320x4_M320x320x4, 1228800,
4971, sgemm, M320x320x4_M320x320x4_M320x320x4, 1228800,
4972, sgemm, M320x320x4_M320x320x4_M320x320x4, 1228800,
4973, sgemm, M320x320x4_M320x320x4_M320x320x4, 1228800,
4974, sgemm, M320x320x4_M320x320x4_M320x320x4, 1228800,
4975, sgemm, M320x320x4_M320x320x4_M320x320x4, 1228800,
4976, sgemm, M320x320x4_M320x320x4_M320x320x4, 1228800,
4977, sgemm, M320x320x4_M320x320x4_M320x320x4, 1228800,
4978, sgemm, M320x320x4_M320x320x4_M320x320x4, 1228800,
4981, ssyrk, M320x320x4_M320x320x4, 819200,
4982, sgemm, M320x320x4_M320x320x4_M320x320x4, 1228800,
4983, sgemm, M320x320x4_M320x320x4_M320x320x4, 1228800,
4984, sgemm, M320x320x4_M320x320x4_M320x320x4, 1228800,
4985, sgemm, M320x320x4_M320x320x4_M320x320x4, 1228800,
4986, sgemm, M320x320x4_M320x320x4_M320x320x4, 1228800,
4987, sgemm, M320x320x4_M320x320x4_M320x320x4, 1228800,
4988, sgemm, M320x320x4_M320x320x4_M320x320x4, 1228800,
4989, sgemm, M320x320x4_M320x320x4_M320x320x4, 1228800,
4990, sgemm, M320x320x4_M320x320x4_M320x320x4, 1228800,
4991, sgemm, M320x320x4_M320x320x4_M320x320x4, 1228800,
4992, sgemm, M320x320x4_M320x320x4_M320x320x4, 1228800,
4995, ssyrk, M320x320x4_M320x320x4, 819200,
4996, sgemm, M320x320x4_M320x320x4_M320x320x4, 1228800,
4997, sgemm, M320x320x4_M320x320x4_M320x320x4, 1228800,
4998, sgemm, M320x320x4_M320x320x4_M320x320x4, 1228800,
4999, sgemm, M320x320x4_M320x320x4_M320x320x4, 1228800,
5000, sgemm, M320x320x4_M320x320x4_M320x320x4, 1228800,
5001, sgemm, M320x320x4_M320x320x4_M320x320x4, 1228800,
5002, sgemm, M320x320x4_M320x320x4_M320x320x4, 1228800,
5003, sgemm, M320x320x4_M320x320x4_M320x320x4, 1228800,
5004, sgemm, M320x320x4_M320x320x4_M320x320x4, 1228800,
5005, sgemm, M320x320x4_M320x320x4_M320x320x4, 1228800,
5008, ssyrk, M320x320x4_M320x320x4, 819200,
5009, sgemm, M320x320x4_M320x320x4_M320x320x4, 1228800,
5010, sgemm, M320x320x4_M320x320x4_M320x320x4, 1228800,
5011, sgemm, M320x320x4_M320x320x4_M320x320x4, 1228800,
5012, sgemm, M320x320x4_M320x320x4_M320x320x4, 1228800,
5013, sgemm, M320x320x4_M320x320x4_M320x320x4, 1228800,
5014, sgemm, M320x320x4_M320x320x4_M320x320x4, 1228800,
5015, sgemm, M320x320x4_M320x320x4_M320x320x4, 1228800,
5016, sgemm, M320x320x4_M320x320x4_M320x320x4, 1228800,
5017, sgemm, M320x320x4_M320x320x4_M320x320x4, 1228800,
5020, ssyrk, M320x320x4_M320x320x4, 819200,
5021, sgemm, M320x320x4_M320x320x4_M320x320x4, 1228800,
5022, sgemm, M320x320x4_M320x320x4_M320x320x4, 1228800,
5023, sgemm, M320x320x4_M320x320x4_M320x320x4, 1228800,
5024, sgemm, M320x320x4_M320x320x4_M320x320x4, 1228800,
5025, sgemm, M320x320x4_M320x320x4_M320x320x4, 1228800,
5026, sgemm, M320x320x4_M320x320x4_M320x320x4, 1228800,
5027, sgemm, M320x320x4_M320x320x4_M320x320x4, 1228800,
5028, sgemm, M320x320x4_M320x320x4_M320x320x4, 1228800,
5031, ssyrk, M320x320x4_M320x320x4, 819200,
5032, sgemm, M320x320x4_M320x320x4_M320x320x4, 1228800,
5033, sgemm, M320x320x4_M320x320x4_M320x320x4, 1228800,
5034, sgemm, M320x320x4_M320x320x4_M320x320x4, 1228800,
5035, sgemm, M320x320x4_M320x320x4_M320x320x4, 1228800,
5036, sgemm, M320x320x4_M320x320x4_M320x320x4, 1228800,
5037, sgemm, M320x320x4_M320x320x4_M320x320x4, 1228800,
5038, sgemm, M320x320x4_M320x320x4_M320x320x4, 1228800,
5041, ssyrk, M320x320x4_M320x320x4, 819200,
5042, sgemm, M320x320x4_M320x320x4_M320x320x4, 1228800,
5043, sgemm, M320x320x4_M320x320x4_M320x320x4, 1228800,
5044, sgemm, M320x320x4_M320x320x4_M320x320x4, 1228800,
5045, sgemm, M320x320x4_M320x320x4_M320x320x4, 1228800,
5046, sgemm, M320x320x4_M320x320x4_M320x320x4, 1228800,
5047, sgemm, M320x320x4_M320x320x4_M320x320x4, 1228800,
5050, ssyrk, M320x320x4_M320x320x4, 819200,
5051, sgemm, M320x320x4_M320x320x4_M320x320x4, 1228800,
5052, sgemm, M320x320x4_M320x320x4_M320x320x4, 1228800,
5053, sgemm, M320x320x4_M320x320x4_M320x320x4, 1228800,
5054, sgemm, M320x320x4_M320x320x4_M320x320x4, 1228800,
5055, sgemm, M320x320x4_M320x320x4_M320x320x4, 1228800,
5058, ssyrk, M320x320x4_M320x320x4, 819200,
5059, sgemm, M320x320x4_M320x320x4_M320x320x4, 1228800,
5060, sgemm, M320x320x4_M320x320x4_M320x320x4, 1228800,
5061, sgemm, M320x320x4_M320x320x4_M320x320x4, 1228800,
5062, sgemm, M320x320x4_M320x320x4_M320x320x4, 1228800,
5065, ssyrk, M320x320x4_M320x320x4, 819200,
5066, sgemm, M320x320x4_M320x320x4_M320x320x4, 1228800,
5067, sgemm, M320x320x4_M320x320x4_M320x320x4, 1228800,
5068, sgemm, M320x320x4_M320x320x4_M320x320x4, 1228800,
5071, ssyrk, M320x320x4_M320x320x4, 819200,
5072, sgemm, M320x320x4_M320x320x4_M320x320x4, 1228800,
5073, sgemm, M320x320x4_M320x320x4_M320x320x4, 1228800,
5076, ssyrk, M320x320x4_M320x320x4, 819200,
5077, sgemm, M320x320x4_M320x320x4_M320x320x4, 1228800,
5080, ssyrk, M320x320x4_M320x320x4, 819200,
5083, spotrf, M320x320x4, 409600,
5084, strsm, M320x320x4_M320x320x4, 819200,
5085, strsm, M320x320x4_M320x320x4, 819200,
5086, strsm, M320x320x4_M320x320x4, 819200,
5087, strsm, M320x320x4_M320x320x4, 819200,
5088, strsm, M320x320x4_M320x320x4, 819200,
5089, strsm, M320x320x4_M320x320x4, 819200,
5090, strsm, M320x320x4_M320x320x4, 819200,
5091, strsm, M320x320x4_M320x320x4, 819200,
5092, strsm, M320x320x4_M320x320x4, 819200,
5093, strsm, M320x320x4_M320x320x4, 819200,
5094, strsm, M320x320x4_M320x320x4, 819200,
5095, strsm, M320x320x4_M320x320x4, 819200,
5096, strsm, M320x320x4_M320x320x4, 819200,
5097, strsm, M320x320x4_M320x320x4, 819200,
5098, strsm, M320x320x4_M320x320x4, 819200,
5101, ssyrk, M320x320x4_M320x320x4, 819200,
5102, sgemm, M320x320x4_M320x320x4_M320x320x4, 1228800,
5103, sgemm, M320x320x4_M320x320x4_M320x320x4, 1228800,
5104, sgemm, M320x320x4_M320x320x4_M320x320x4, 1228800,
5105, sgemm, M320x320x4_M320x320x4_M320x320x4, 1228800,
5106, sgemm, M320x320x4_M320x320x4_M320x320x4, 1228800,
5107, sgemm, M320x320x4_M320x320x4_M320x320x4, 1228800,
5108, sgemm, M320x320x4_M320x320x4_M320x320x4, 1228800,
5109, sgemm, M320x320x4_M320x320x4_M320x320x4, 1228800,
5110, sgemm, M320x320x4_M320x320x4_M320x320x4, 1228800,
5111, sgemm, M320x320x4_M320x320x4_M320x320x4, 1228800,
5112, sgemm, M320x320x4_M320x320x4_M320x320x4, 1228800,
5113, sgemm, M320x320x4_M320x320x4_M320x320x4, 1228800,
5114, sgemm, M320x320x4_M320x320x4_M320x320x4, 1228800,
5115, sgemm, M320x320x4_M320x320x4_M320x320x4, 1228800,
5118, ssyrk, M320x320x4_M320x320x4, 819200,
5119, sgemm, M320x320x4_M320x320x4_M320x320x4, 1228800,
5120, sgemm, M320x320x4_M320x320x4_M320x320x4, 1228800,
5121, sgemm, M320x320x4_M320x320x4_M320x320x4, 1228800,
5122, sgemm, M320x320x4_M320x320x4_M320x320x4, 1228800,
5123, sgemm, M320x320x4_M320x320x4_M320x320x4, 1228800,
5124, sgemm, M320x320x4_M320x320x4_M320x320x4, 1228800,
5125, sgemm, M320x320x4_M320x320x4_M320x320x4, 1228800,
5126, sgemm, M320x320x4_M320x320x4_M320x320x4, 1228800,
5127, sgemm, M320x320x4_M320x320x4_M320x320x4, 1228800,
5128, sgemm, M320x320x4_M320x320x4_M320x320x4, 1228800,
5129, sgemm, M320x320x4_M320x320x4_M320x320x4, 1228800,
5130, sgemm, M320x320x4_M320x320x4_M320x320x4, 1228800,
5131, sgemm, M320x320x4_M320x320x4_M320x320x4, 1228800,
5134, ssyrk, M320x320x4_M320x320x4, 819200,
5135, sgemm, M320x320x4_M320x320x4_M320x320x4, 1228800,
5136, sgemm, M320x320x4_M320x320x4_M320x320x4, 1228800,
5137, sgemm, M320x320x4_M320x320x4_M320x320x4, 1228800,
5138, sgemm, M320x320x4_M320x320x4_M320x320x4, 1228800,
5139, sgemm, M320x320x4_M320x320x4_M320x320x4, 1228800,
5140, sgemm, M320x320x4_M320x320x4_M320x320x4, 1228800,
5141, sgemm, M320x320x4_M320x320x4_M320x320x4, 1228800,
5142, sgemm, M320x320x4_M320x320x4_M320x320x4, 1228800,
5143, sgemm, M320x320x4_M320x320x4_M320x320x4, 1228800,
5144, sgemm, M320x320x4_M320x320x4_M320x320x4, 1228800,
5145, sgemm, M320x320x4_M320x320x4_M320x320x4, 1228800,
5146, sgemm, M320x320x4_M320x320x4_M320x320x4, 1228800,
5149, ssyrk, M320x320x4_M320x320x4, 819200,
5150, sgemm, M320x320x4_M320x320x4_M320x320x4, 1228800,
5151, sgemm, M320x320x4_M320x320x4_M320x320x4, 1228800,
5152, sgemm, M320x320x4_M320x320x4_M320x320x4, 1228800,
5153, sgemm, M320x320x4_M320x320x4_M320x320x4, 1228800,
5154, sgemm, M320x320x4_M320x320x4_M320x320x4, 1228800,
5155, sgemm, M320x320x4_M320x320x4_M320x320x4, 1228800,
5156, sgemm, M320x320x4_M320x320x4_M320x320x4, 1228800,
5157, sgemm, M320x320x4_M320x320x4_M320x320x4, 1228800,
5158, sgemm, M320x320x4_M320x320x4_M320x320x4, 1228800,
5159, sgemm, M320x320x4_M320x320x4_M320x320x4, 1228800,
5160, sgemm, M320x320x4_M320x320x4_M320x320x4, 1228800,
5163, ssyrk, M320x320x4_M320x320x4, 819200,
5164, sgemm, M320x320x4_M320x320x4_M320x320x4, 1228800,
5165, sgemm, M320x320x4_M320x320x4_M320x320x4, 1228800,
5166, sgemm, M320x320x4_M320x320x4_M320x320x4, 1228800,
5167, sgemm, M320x320x4_M320x320x4_M320x320x4, 1228800,
5168, sgemm, M320x320x4_M320x320x4_M320x320x4, 1228800,
5169, sgemm, M320x320x4_M320x320x4_M320x320x4, 1228800,
5170, sgemm, M320x320x4_M320x320x4_M320x320x4, 1228800,
5171, sgemm, M320x320x4_M320x320x4_M320x320x4, 1228800,
5172, sgemm, M320x320x4_M320x320x4_M320x320x4, 1228800,
5173, sgemm, M320x320x4_M320x320x4_M320x320x4, 1228800,
5176, ssyrk, M320x320x4_M320x320x4, 819200,
5177, sgemm, M320x320x4_M320x320x4_M320x320x4, 1228800,
5178, sgemm, M320x320x4_M320x320x4_M320x320x4, 1228800,
5179, sgemm, M320x320x4_M320x320x4_M320x320x4, 1228800,
5180, sgemm, M320x320x4_M320x320x4_M320x320x4, 1228800,
5181, sgemm, M320x320x4_M320x320x4_M320x320x4, 1228800,
5182, sgemm, M320x320x4_M320x320x4_M320x320x4, 1228800,
5183, sgemm, M320x320x4_M320x320x4_M320x320x4, 1228800,
5184, sgemm, M320x320x4_M320x320x4_M320x320x4, 1228800,
5185, sgemm, M320x320x4_M320x320x4_M320x320x4, 1228800,
5188, ssyrk, M320x320x4_M320x320x4, 819200,
5189, sgemm, M320x320x4_M320x320x4_M320x320x4, 1228800,
5190, sgemm, M320x320x4_M320x320x4_M320x320x4, 1228800,
5191, sgemm, M320x320x4_M320x320x4_M320x320x4, 1228800,
5192, sgemm, M320x320x4_M320x320x4_M320x320x4, 1228800,
5193, sgemm, M320x320x4_M320x320x4_M320x320x4, 1228800,
5194, sgemm, M320x320x4_M320x320x4_M320x320x4, 1228800,
5195, sgemm, M320x320x4_M320x320x4_M320x320x4, 1228800,
5196, sgemm, M320x320x4_M320x320x4_M320x320x4, 1228800,
5199, ssyrk, M320x320x4_M320x320x4, 819200,
5200, sgemm, M320x320x4_M320x320x4_M320x320x4, 1228800,
5201, sgemm, M320x320x4_M320x320x4_M320x320x4, 1228800,
5202, sgemm, M320x320x4_M320x320x4_M320x320x4, 1228800,
5203, sgemm, M320x320x4_M320x320x4_M320x320x4, 1228800,
5204, sgemm, M320x320x4_M320x320x4_M320x320x4, 1228800,
5205, sgemm, M320x320x4_M320x320x4_M320x320x4, 1228800,
5206, sgemm, M320x320x4_M320x320x4_M320x320x4, 1228800,
5209, ssyrk, M320x320x4_M320x320x4, 819200,
5210, sgemm, M320x320x4_M320x320x4_M320x320x4, 1228800,
5211, sgemm, M320x320x4_M320x320x4_M320x320x4, 1228800,
5212, sgemm, M320x320x4_M320x320x4_M320x320x4, 1228800,
5213, sgemm, M320x320x4_M320x320x4_M320x320x4, 1228800,
5214, sgemm, M320x320x4_M320x320x4_M320x320x4, 1228800,
5215, sgemm, M320x320x4_M320x320x4_M320x320x4, 1228800,
5218, ssyrk, M320x320x4_M320x320x4, 819200,
5219, sgemm, M320x320x4_M320x320x4_M320x320x4, 1228800,
5220, sgemm, M320x320x4_M320x320x4_M320x320x4, 1228800,
5221, sgemm, M320x320x4_M320x320x4_M320x320x4, 1228800,
5222, sgemm, M320x320x4_M320x320x4_M320x320x4, 1228800,
5223, sgemm, M320x320x4_M320x320x4_M320x320x4, 1228800,
5226, ssyrk, M320x320x4_M320x320x4, 819200,
5227, sgemm, M320x320x4_M320x320x4_M320x320x4, 1228800,
5228, sgemm, M320x320x4_M320x320x4_M320x320x4, 1228800,
5229, sgemm, M320x320x4_M320x320x4_M320x320x4, 1228800,
5230, sgemm, M320x320x4_M320x320x4_M320x320x4, 1228800,
5233, ssyrk, M320x320x4_M320x320x4, 819200,
5234, sgemm, M320x320x4_M320x320x4_M320x320x4, 1228800,
5235, sgemm, M320x320x4_M320x320x4_M320x320x4, 1228800,
5236, sgemm, M320x320x4_M320x320x4_M320x320x4, 1228800,
5239, ssyrk, M320x320x4_M320x320x4, 819200,
5240, sgemm, M320x320x4_M320x320x4_M320x320x4, 1228800,
5241, sgemm, M320x320x4_M320x320x4_M320x320x4, 1228800,
5244, ssyrk, M320x320x4_M320x320x4, 819200,
5245, sgemm, M320x320x4_M320x320x4_M320x320x4, 1228800,
5248, ssyrk, M320x320x4_M320x320x4, 819200,
5251, spotrf, M320x320x4, 409600,
5252, strsm, M320x320x4_M320x320x4, 819200,
5253, strsm, M320x320x4_M320x320x4, 819200,
5254, strsm, M320x320x4_M320x320x4, 819200,
5255, strsm, M320x320x4_M320x320x4, 819200,
5256, strsm, M320x320x4_M320x320x4, 819200,
5257, strsm, M320x320x4_M320x320x4, 819200,
5258, strsm, M320x320x4_M320x320x4, 819200,
5259, strsm, M320x320x4_M320x320x4, 819200,
5260, strsm, M320x320x4_M320x320x4, 819200,
5261, strsm, M320x320x4_M320x320x4, 819200,
5262, strsm, M320x320x4_M320x320x4, 819200,
5263, strsm, M320x320x4_M320x320x4, 819200,
5264, strsm, M320x320x4_M320x320x4, 819200,
5265, strsm, M320x320x4_M320x320x4, 819200,
5268, ssyrk, M320x320x4_M320x320x4, 819200,
5269, sgemm, M320x320x4_M320x320x4_M320x320x4, 1228800,
5270, sgemm, M320x320x4_M320x320x4_M320x320x4, 1228800,
5271, sgemm, M320x320x4_M320x320x4_M320x320x4, 1228800,
5272, sgemm, M320x320x4_M320x320x4_M320x320x4, 1228800,
5273, sgemm, M320x320x4_M320x320x4_M320x320x4, 1228800,
5274, sgemm, M320x320x4_M320x320x4_M320x320x4, 1228800,
5275, sgemm, M320x320x4_M320x320x4_M320x320x4, 1228800,
5276, sgemm, M320x320x4_M320x320x4_M320x320x4, 1228800,
5277, sgemm, M320x320x4_M320x320x4_M320x320x4, 1228800,
5278, sgemm, M320x320x4_M320x320x4_M320x320x4, 1228800,
5279, sgemm, M320x320x4_M320x320x4_M320x320x4, 1228800,
5280, sgemm, M320x320x4_M320x320x4_M320x320x4, 1228800,
5281, sgemm, M320x320x4_M320x320x4_M320x320x4, 1228800,
5284, ssyrk, M320x320x4_M320x320x4, 819200,
5285, sgemm, M320x320x4_M320x320x4_M320x320x4, 1228800,
5286, sgemm, M320x320x4_M320x320x4_M320x320x4, 1228800,
5287, sgemm, M320x320x4_M320x320x4_M320x320x4, 1228800,
5288, sgemm, M320x320x4_M320x320x4_M320x320x4, 1228800,
5289, sgemm, M320x320x4_M320x320x4_M320x320x4, 1228800,
5290, sgemm, M320x320x4_M320x320x4_M320x320x4, 1228800,
5291, sgemm, M320x320x4_M320x320x4_M320x320x4, 1228800,
5292, sgemm, M320x320x4_M320x320x4_M320x320x4, 1228800,
5293, sgemm, M320x320x4_M320x320x4_M320x320x4, 1228800,
5294, sgemm, M320x320x4_M320x320x4_M320x320x4, 1228800,
5295, sgemm, M320x320x4_M320x320x4_M320x320x4, 1228800,
5296, sgemm, M320x320x4_M320x320x4_M320x320x4, 1228800,
5299, ssyrk, M320x320x4_M320x320x4, 819200,
5300, sgemm, M320x320x4_M320x320x4_M320x320x4, 1228800,
5301, sgemm, M320x320x4_M320x320x4_M320x320x4, 1228800,
5302, sgemm, M320x320x4_M320x320x4_M320x320x4, 1228800,
5303, sgemm, M320x320x4_M320x320x4_M320x320x4, 1228800,
5304, sgemm, M320x320x4_M320x320x4_M320x320x4, 1228800,
5305, sgemm, M320x320x4_M320x320x4_M320x320x4, 1228800,
5306, sgemm, M320x320x4_M320x320x4_M320x320x4, 1228800,
5307, sgemm, M320x320x4_M320x320x4_M320x320x4, 1228800,
5308, sgemm, M320x320x4_M320x320x4_M320x320x4, 1228800,
5309, sgemm, M320x320x4_M320x320x4_M320x320x4, 1228800,
5310, sgemm, M320x320x4_M320x320x4_M320x320x4, 1228800,
5313, ssyrk, M320x320x4_M320x320x4, 819200,
5314, sgemm, M320x320x4_M320x320x4_M320x320x4, 1228800,
5315, sgemm, M320x320x4_M320x320x4_M320x320x4, 1228800,
5316, sgemm, M320x320x4_M320x320x4_M320x320x4, 1228800,
5317, sgemm, M320x320x4_M320x320x4_M320x320x4, 1228800,
5318, sgemm, M320x320x4_M320x320x4_M320x320x4, 1228800,
5319, sgemm, M320x320x4_M320x320x4_M320x320x4, 1228800,
5320, sgemm, M320x320x4_M320x320x4_M320x320x4, 1228800,
5321, sgemm, M320x320x4_M320x320x4_M320x320x4, 1228800,
5322, sgemm, M320x320x4_M320x320x4_M320x320x4, 1228800,
5323, sgemm, M320x320x4_M320x320x4_M320x320x4, 1228800,
5326, ssyrk, M320x320x4_M320x320x4, 819200,
5327, sgemm, M320x320x4_M320x320x4_M320x320x4, 1228800,
5328, sgemm, M320x320x4_M320x320x4_M320x320x4, 1228800,
5329, sgemm, M320x320x4_M320x320x4_M320x320x4, 1228800,
5330, sgemm, M320x320x4_M320x320x4_M320x320x4, 1228800,
5331, sgemm, M320x320x4_M320x320x4_M320x320x4, 1228800,
5332, sgemm, M320x320x4_M320x320x4_M320x320x4, 1228800,
5333, sgemm, M320x320x4_M320x320x4_M320x320x4, 1228800,
5334, sgemm, M320x320x4_M320x320x4_M320x320x4, 1228800,
5335, sgemm, M320x320x4_M320x320x4_M320x320x4, 1228800,
5338, ssyrk, M320x320x4_M320x320x4, 819200,
5339, sgemm, M320x320x4_M320x320x4_M320x320x4, 1228800,
5340, sgemm, M320x320x4_M320x320x4_M320x320x4, 1228800,
5341, sgemm, M320x320x4_M320x320x4_M320x320x4, 1228800,
5342, sgemm, M320x320x4_M320x320x4_M320x320x4, 1228800,
5343, sgemm, M320x320x4_M320x320x4_M320x320x4, 1228800,
5344, sgemm, M320x320x4_M320x320x4_M320x320x4, 1228800,
5345, sgemm, M320x320x4_M320x320x4_M320x320x4, 1228800,
5346, sgemm, M320x320x4_M320x320x4_M320x320x4, 1228800,
5349, ssyrk, M320x320x4_M320x320x4, 819200,
5350, sgemm, M320x320x4_M320x320x4_M320x320x4, 1228800,
5351, sgemm, M320x320x4_M320x320x4_M320x320x4, 1228800,
5352, sgemm, M320x320x4_M320x320x4_M320x320x4, 1228800,
5353, sgemm, M320x320x4_M320x320x4_M320x320x4, 1228800,
5354, sgemm, M320x320x4_M320x320x4_M320x320x4, 1228800,
5355, sgemm, M320x320x4_M320x320x4_M320x320x4, 1228800,
5356, sgemm, M320x320x4_M320x320x4_M320x320x4, 1228800,
5359, ssyrk, M320x320x4_M320x320x4, 819200,
5360, sgemm, M320x320x4_M320x320x4_M320x320x4, 1228800,
5361, sgemm, M320x320x4_M320x320x4_M320x320x4, 1228800,
5362, sgemm, M320x320x4_M320x320x4_M320x320x4, 1228800,
5363, sgemm, M320x320x4_M320x320x4_M320x320x4, 1228800,
5364, sgemm, M320x320x4_M320x320x4_M320x320x4, 1228800,
5365, sgemm, M320x320x4_M320x320x4_M320x320x4, 1228800,
5368, ssyrk, M320x320x4_M320x320x4, 819200,
5369, sgemm, M320x320x4_M320x320x4_M320x320x4, 1228800,
5370, sgemm, M320x320x4_M320x320x4_M320x320x4, 1228800,
5371, sgemm, M320x320x4_M320x320x4_M320x320x4, 1228800,
5372, sgemm, M320x320x4_M320x320x4_M320x320x4, 1228800,
5373, sgemm, M320x320x4_M320x320x4_M320x320x4, 1228800,
5376, ssyrk, M320x320x4_M320x320x4, 819200,
5377, sgemm, M320x320x4_M320x320x4_M320x320x4, 1228800,
5378, sgemm, M320x320x4_M320x320x4_M320x320x4, 1228800,
5379, sgemm, M320x320x4_M320x320x4_M320x320x4, 1228800,
5380, sgemm, M320x320x4_M320x320x4_M320x320x4, 1228800,
5383, ssyrk, M320x320x4_M320x320x4, 819200,
5384, sgemm, M320x320x4_M320x320x4_M320x320x4, 1228800,
5385, sgemm, M320x320x4_M320x320x4_M320x320x4, 1228800,
5386, sgemm, M320x320x4_M320x320x4_M320x320x4, 1228800,
5389, ssyrk, M320x320x4_M320x320x4, 819200,
5390, sgemm, M320x320x4_M320x320x4_M320x320x4, 1228800,
5391, sgemm, M320x320x4_M320x320x4_M320x320x4, 1228800,
5394, ssyrk, M320x320x4_M320x320x4, 819200,
5395, sgemm, M320x320x4_M320x320x4_M320x320x4, 1228800,
5398, ssyrk, M320x320x4_M320x320x4, 819200,
5401, spotrf, M320x320x4, 409600,
5402, strsm, M320x320x4_M320x320x4, 819200,
5403, strsm, M320x320x4_M320x320x4, 819200,
5404, strsm, M320x320x4_M320x320x4, 819200,
5405, strsm, M320x320x4_M320x320x4, 819200,
5406, strsm, M320x320x4_M320x320x4, 819200,
5407, strsm, M320x320x4_M320x320x4, 819200,
5408, strsm, M320x320x4_M320x320x4, 819200,
5409, strsm, M320x320x4_M320x320x4, 819200,
5410, strsm, M320x320x4_M320x320x4, 819200,
5411, strsm, M320x320x4_M320x320x4, 819200,
5412, strsm, M320x320x4_M320x320x4, 819200,
5413, strsm, M320x320x4_M320x320x4, 819200,
5414, strsm, M320x320x4_M320x320x4, 819200,
5417, ssyrk, M320x320x4_M320x320x4, 819200,
5418, sgemm, M320x320x4_M320x320x4_M320x320x4, 1228800,
5419, sgemm, M320x320x4_M320x320x4_M320x320x4, 1228800,
5420, sgemm, M320x320x4_M320x320x4_M320x320x4, 1228800,
5421, sgemm, M320x320x4_M320x320x4_M320x320x4, 1228800,
5422, sgemm, M320x320x4_M320x320x4_M320x320x4, 1228800,
5423, sgemm, M320x320x4_M320x320x4_M320x320x4, 1228800,
5424, sgemm, M320x320x4_M320x320x4_M320x320x4, 1228800,
5425, sgemm, M320x320x4_M320x320x4_M320x320x4, 1228800,
5426, sgemm, M320x320x4_M320x320x4_M320x320x4, 1228800,
5427, sgemm, M320x320x4_M320x320x4_M320x320x4, 1228800,
5428, sgemm, M320x320x4_M320x320x4_M320x320x4, 1228800,
5429, sgemm, M320x320x4_M320x320x4_M320x320x4, 1228800,
5432, ssyrk, M320x320x4_M320x320x4, 819200,
5433, sgemm, M320x320x4_M320x320x4_M320x320x4, 1228800,
5434, sgemm, M320x320x4_M320x320x4_M320x320x4, 1228800,
5435, sgemm, M320x320x4_M320x320x4_M320x320x4, 1228800,
5436, sgemm, M320x320x4_M320x320x4_M320x320x4, 1228800,
5437, sgemm, M320x320x4_M320x320x4_M320x320x4, 1228800,
5438, sgemm, M320x320x4_M320x320x4_M320x320x4, 1228800,
5439, sgemm, M320x320x4_M320x320x4_M320x320x4, 1228800,
5440, sgemm, M320x320x4_M320x320x4_M320x320x4, 1228800,
5441, sgemm, M320x320x4_M320x320x4_M320x320x4, 1228800,
5442, sgemm, M320x320x4_M320x320x4_M320x320x4, 1228800,
5443, sgemm, M320x320x4_M320x320x4_M320x320x4, 1228800,
5446, ssyrk, M320x320x4_M320x320x4, 819200,
5447, sgemm, M320x320x4_M320x320x4_M320x320x4, 1228800,
5448, sgemm, M320x320x4_M320x320x4_M320x320x4, 1228800,
5449, sgemm, M320x320x4_M320x320x4_M320x320x4, 1228800,
5450, sgemm, M320x320x4_M320x320x4_M320x320x4, 1228800,
5451, sgemm, M320x320x4_M320x320x4_M320x320x4, 1228800,
5452, sgemm, M320x320x4_M320x320x4_M320x320x4, 1228800,
5453, sgemm, M320x320x4_M320x320x4_M320x320x4, 1228800,
5454, sgemm, M320x320x4_M320x320x4_M320x320x4, 1228800,
5455, sgemm, M320x320x4_M320x320x4_M320x320x4, 1228800,
5456, sgemm, M320x320x4_M320x320x4_M320x320x4, 1228800,
5459, ssyrk, M320x320x4_M320x320x4, 819200,
5460, sgemm, M320x320x4_M320x320x4_M320x320x4, 1228800,
5461, sgemm, M320x320x4_M320x320x4_M320x320x4, 1228800,
5462, sgemm, M320x320x4_M320x320x4_M320x320x4, 1228800,
5463, sgemm, M320x320x4_M320x320x4_M320x320x4, 1228800,
5464, sgemm, M320x320x4_M320x320x4_M320x320x4, 1228800,
5465, sgemm, M320x320x4_M320x320x4_M320x320x4, 1228800,
5466, sgemm, M320x320x4_M320x320x4_M320x320x4, 1228800,
5467, sgemm, M320x320x4_M320x320x4_M320x320x4, 1228800,
5468, sgemm, M320x320x4_M320x320x4_M320x320x4, 1228800,
5471, ssyrk, M320x320x4_M320x320x4, 819200,
5472, sgemm, M320x320x4_M320x320x4_M320x320x4, 1228800,
5473, sgemm, M320x320x4_M320x320x4_M320x320x4, 1228800,
5474, sgemm, M320x320x4_M320x320x4_M320x320x4, 1228800,
5475, sgemm, M320x320x4_M320x320x4_M320x320x4, 1228800,
5476, sgemm, M320x320x4_M320x320x4_M320x320x4, 1228800,
5477, sgemm, M320x320x4_M320x320x4_M320x320x4, 1228800,
5478, sgemm, M320x320x4_M320x320x4_M320x320x4, 1228800,
5479, sgemm, M320x320x4_M320x320x4_M320x320x4, 1228800,
5482, ssyrk, M320x320x4_M320x320x4, 819200,
5483, sgemm, M320x320x4_M320x320x4_M320x320x4, 1228800,
5484, sgemm, M320x320x4_M320x320x4_M320x320x4, 1228800,
5485, sgemm, M320x320x4_M320x320x4_M320x320x4, 1228800,
5486, sgemm, M320x320x4_M320x320x4_M320x320x4, 1228800,
5487, sgemm, M320x320x4_M320x320x4_M320x320x4, 1228800,
5488, sgemm, M320x320x4_M320x320x4_M320x320x4, 1228800,
5489, sgemm, M320x320x4_M320x320x4_M320x320x4, 1228800,
5492, ssyrk, M320x320x4_M320x320x4, 819200,
5493, sgemm, M320x320x4_M320x320x4_M320x320x4, 1228800,
5494, sgemm, M320x320x4_M320x320x4_M320x320x4, 1228800,
5495, sgemm, M320x320x4_M320x320x4_M320x320x4, 1228800,
5496, sgemm, M320x320x4_M320x320x4_M320x320x4, 1228800,
5497, sgemm, M320x320x4_M320x320x4_M320x320x4, 1228800,
5498, sgemm, M320x320x4_M320x320x4_M320x320x4, 1228800,
5501, ssyrk, M320x320x4_M320x320x4, 819200,
5502, sgemm, M320x320x4_M320x320x4_M320x320x4, 1228800,
5503, sgemm, M320x320x4_M320x320x4_M320x320x4, 1228800,
5504, sgemm, M320x320x4_M320x320x4_M320x320x4, 1228800,
5505, sgemm, M320x320x4_M320x320x4_M320x320x4, 1228800,
5506, sgemm, M320x320x4_M320x320x4_M320x320x4, 1228800,
5509, ssyrk, M320x320x4_M320x320x4, 819200,
5510, sgemm, M320x320x4_M320x320x4_M320x320x4, 1228800,
5511, sgemm, M320x320x4_M320x320x4_M320x320x4, 1228800,
5512, sgemm, M320x320x4_M320x320x4_M320x320x4, 1228800,
5513, sgemm, M320x320x4_M320x320x4_M320x320x4, 1228800,
5516, ssyrk, M320x320x4_M320x320x4, 819200,
5517, sgemm, M320x320x4_M320x320x4_M320x320x4, 1228800,
5518, sgemm, M320x320x4_M320x320x4_M320x320x4, 1228800,
5519, sgemm, M320x320x4_M320x320x4_M320x320x4, 1228800,
5522, ssyrk, M320x320x4_M320x320x4, 819200,
5523, sgemm, M320x320x4_M320x320x4_M320x320x4, 1228800,
5524, sgemm, M320x320x4_M320x320x4_M320x320x4, 1228800,
5527, ssyrk, M320x320x4_M320x320x4, 819200,
5528, sgemm, M320x320x4_M320x320x4_M320x320x4, 1228800,
5531, ssyrk, M320x320x4_M320x320x4, 819200,
5534, spotrf, M320x320x4, 409600,
5535, strsm, M320x320x4_M320x320x4, 819200,
5536, strsm, M320x320x4_M320x320x4, 819200,
5537, strsm, M320x320x4_M320x320x4, 819200,
5538, strsm, M320x320x4_M320x320x4, 819200,
5539, strsm, M320x320x4_M320x320x4, 819200,
5540, strsm, M320x320x4_M320x320x4, 819200,
5541, strsm, M320x320x4_M320x320x4, 819200,
5542, strsm, M320x320x4_M320x320x4, 819200,
5543, strsm, M320x320x4_M320x320x4, 819200,
5544, strsm, M320x320x4_M320x320x4, 819200,
5545, strsm, M320x320x4_M320x320x4, 819200,
5546, strsm, M320x320x4_M320x320x4, 819200,
5549, ssyrk, M320x320x4_M320x320x4, 819200,
5550, sgemm, M320x320x4_M320x320x4_M320x320x4, 1228800,
5551, sgemm, M320x320x4_M320x320x4_M320x320x4, 1228800,
5552, sgemm, M320x320x4_M320x320x4_M320x320x4, 1228800,
5553, sgemm, M320x320x4_M320x320x4_M320x320x4, 1228800,
5554, sgemm, M320x320x4_M320x320x4_M320x320x4, 1228800,
5555, sgemm, M320x320x4_M320x320x4_M320x320x4, 1228800,
5556, sgemm, M320x320x4_M320x320x4_M320x320x4, 1228800,
5557, sgemm, M320x320x4_M320x320x4_M320x320x4, 1228800,
5558, sgemm, M320x320x4_M320x320x4_M320x320x4, 1228800,
5559, sgemm, M320x320x4_M320x320x4_M320x320x4, 1228800,
5560, sgemm, M320x320x4_M320x320x4_M320x320x4, 1228800,
5563, ssyrk, M320x320x4_M320x320x4, 819200,
5564, sgemm, M320x320x4_M320x320x4_M320x320x4, 1228800,
5565, sgemm, M320x320x4_M320x320x4_M320x320x4, 1228800,
5566, sgemm, M320x320x4_M320x320x4_M320x320x4, 1228800,
5567, sgemm, M320x320x4_M320x320x4_M320x320x4, 1228800,
5568, sgemm, M320x320x4_M320x320x4_M320x320x4, 1228800,
5569, sgemm, M320x320x4_M320x320x4_M320x320x4, 1228800,
5570, sgemm, M320x320x4_M320x320x4_M320x320x4, 1228800,
5571, sgemm, M320x320x4_M320x320x4_M320x320x4, 1228800,
5572, sgemm, M320x320x4_M320x320x4_M320x320x4, 1228800,
5573, sgemm, M320x320x4_M320x320x4_M320x320x4, 1228800,
5576, ssyrk, M320x320x4_M320x320x4, 819200,
5577, sgemm, M320x320x4_M320x320x4_M320x320x4, 1228800,
5578, sgemm, M320x320x4_M320x320x4_M320x320x4, 1228800,
5579, sgemm, M320x320x4_M320x320x4_M320x320x4, 1228800,
5580, sgemm, M320x320x4_M320x320x4_M320x320x4, 1228800,
5581, sgemm, M320x320x4_M320x320x4_M320x320x4, 1228800,
5582, sgemm, M320x320x4_M320x320x4_M320x320x4, 1228800,
5583, sgemm, M320x320x4_M320x320x4_M320x320x4, 1228800,
5584, sgemm, M320x320x4_M320x320x4_M320x320x4, 1228800,
5585, sgemm, M320x320x4_M320x320x4_M320x320x4, 1228800,
5588, ssyrk, M320x320x4_M320x320x4, 819200,
5589, sgemm, M320x320x4_M320x320x4_M320x320x4, 1228800,
5590, sgemm, M320x320x4_M320x320x4_M320x320x4, 1228800,
5591, sgemm, M320x320x4_M320x320x4_M320x320x4, 1228800,
5592, sgemm, M320x320x4_M320x320x4_M320x320x4, 1228800,
5593, sgemm, M320x320x4_M320x320x4_M320x320x4, 1228800,
5594, sgemm, M320x320x4_M320x320x4_M320x320x4, 1228800,
5595, sgemm, M320x320x4_M320x320x4_M320x320x4, 1228800,
5596, sgemm, M320x320x4_M320x320x4_M320x320x4, 1228800,
5599, ssyrk, M320x320x4_M320x320x4, 819200,
5600, sgemm, M320x320x4_M320x320x4_M320x320x4, 1228800,
5601, sgemm, M320x320x4_M320x320x4_M320x320x4, 1228800,
5602, sgemm, M320x320x4_M320x320x4_M320x320x4, 1228800,
5603, sgemm, M320x320x4_M320x320x4_M320x320x4, 1228800,
5604, sgemm, M320x320x4_M320x320x4_M320x320x4, 1228800,
5605, sgemm, M320x320x4_M320x320x4_M320x320x4, 1228800,
5606, sgemm, M320x320x4_M320x320x4_M320x320x4, 1228800,
5609, ssyrk, M320x320x4_M320x320x4, 819200,
5610, sgemm, M320x320x4_M320x320x4_M320x320x4, 1228800,
5611, sgemm, M320x320x4_M320x320x4_M320x320x4, 1228800,
5612, sgemm, M320x320x4_M320x320x4_M320x320x4, 1228800,
5613, sgemm, M320x320x4_M320x320x4_M320x320x4, 1228800,
5614, sgemm, M320x320x4_M320x320x4_M320x320x4, 1228800,
5615, sgemm, M320x320x4_M320x320x4_M320x320x4, 1228800,
5618, ssyrk, M320x320x4_M320x320x4, 819200,
5619, sgemm, M320x320x4_M320x320x4_M320x320x4, 1228800,
5620, sgemm, M320x320x4_M320x320x4_M320x320x4, 1228800,
5621, sgemm, M320x320x4_M320x320x4_M320x320x4, 1228800,
5622, sgemm, M320x320x4_M320x320x4_M320x320x4, 1228800,
5623, sgemm, M320x320x4_M320x320x4_M320x320x4, 1228800,
5626, ssyrk, M320x320x4_M320x320x4, 819200,
5627, sgemm, M320x320x4_M320x320x4_M320x320x4, 1228800,
5628, sgemm, M320x320x4_M320x320x4_M320x320x4, 1228800,
5629, sgemm, M320x320x4_M320x320x4_M320x320x4, 1228800,
5630, sgemm, M320x320x4_M320x320x4_M320x320x4, 1228800,
5633, ssyrk, M320x320x4_M320x320x4, 819200,
5634, sgemm, M320x320x4_M320x320x4_M320x320x4, 1228800,
5635, sgemm, M320x320x4_M320x320x4_M320x320x4, 1228800,
5636, sgemm, M320x320x4_M320x320x4_M320x320x4, 1228800,
5639, ssyrk, M320x320x4_M320x320x4, 819200,
5640, sgemm, M320x320x4_M320x320x4_M320x320x4, 1228800,
5641, sgemm, M320x320x4_M320x320x4_M320x320x4, 1228800,
5644, ssyrk, M320x320x4_M320x320x4, 819200,
5645, sgemm, M320x320x4_M320x320x4_M320x320x4, 1228800,
5648, ssyrk, M320x320x4_M320x320x4, 819200,
5651, spotrf, M320x320x4, 409600,
5652, strsm, M320x320x4_M320x320x4, 819200,
5653, strsm, M320x320x4_M320x320x4, 819200,
5654, strsm, M320x320x4_M320x320x4, 819200,
5655, strsm, M320x320x4_M320x320x4, 819200,
5656, strsm, M320x320x4_M320x320x4, 819200,
5657, strsm, M320x320x4_M320x320x4, 819200,
5658, strsm, M320x320x4_M320x320x4, 819200,
5659, strsm, M320x320x4_M320x320x4, 819200,
5660, strsm, M320x320x4_M320x320x4, 819200,
5661, strsm, M320x320x4_M320x320x4, 819200,
5662, strsm, M320x320x4_M320x320x4, 819200,
5665, ssyrk, M320x320x4_M320x320x4, 819200,
5666, sgemm, M320x320x4_M320x320x4_M320x320x4, 1228800,
5667, sgemm, M320x320x4_M320x320x4_M320x320x4, 1228800,
5668, sgemm, M320x320x4_M320x320x4_M320x320x4, 1228800,
5669, sgemm, M320x320x4_M320x320x4_M320x320x4, 1228800,
5670, sgemm, M320x320x4_M320x320x4_M320x320x4, 1228800,
5671, sgemm, M320x320x4_M320x320x4_M320x320x4, 1228800,
5672, sgemm, M320x320x4_M320x320x4_M320x320x4, 1228800,
5673, sgemm, M320x320x4_M320x320x4_M320x320x4, 1228800,
5674, sgemm, M320x320x4_M320x320x4_M320x320x4, 1228800,
5675, sgemm, M320x320x4_M320x320x4_M320x320x4, 1228800,
5678, ssyrk, M320x320x4_M320x320x4, 819200,
5679, sgemm, M320x320x4_M320x320x4_M320x320x4, 1228800,
5680, sgemm, M320x320x4_M320x320x4_M320x320x4, 1228800,
5681, sgemm, M320x320x4_M320x320x4_M320x320x4, 1228800,
5682, sgemm, M320x320x4_M320x320x4_M320x320x4, 1228800,
5683, sgemm, M320x320x4_M320x320x4_M320x320x4, 1228800,
5684, sgemm, M320x320x4_M320x320x4_M320x320x4, 1228800,
5685, sgemm, M320x320x4_M320x320x4_M320x320x4, 1228800,
5686, sgemm, M320x320x4_M320x320x4_M320x320x4, 1228800,
5687, sgemm, M320x320x4_M320x320x4_M320x320x4, 1228800,
5690, ssyrk, M320x320x4_M320x320x4, 819200,
5691, sgemm, M320x320x4_M320x320x4_M320x320x4, 1228800,
5692, sgemm, M320x320x4_M320x320x4_M320x320x4, 1228800,
5693, sgemm, M320x320x4_M320x320x4_M320x320x4, 1228800,
5694, sgemm, M320x320x4_M320x320x4_M320x320x4, 1228800,
5695, sgemm, M320x320x4_M320x320x4_M320x320x4, 1228800,
5696, sgemm, M320x320x4_M320x320x4_M320x320x4, 1228800,
5697, sgemm, M320x320x4_M320x320x4_M320x320x4, 1228800,
5698, sgemm, M320x320x4_M320x320x4_M320x320x4, 1228800,
5701, ssyrk, M320x320x4_M320x320x4, 819200,
5702, sgemm, M320x320x4_M320x320x4_M320x320x4, 1228800,
5703, sgemm, M320x320x4_M320x320x4_M320x320x4, 1228800,
5704, sgemm, M320x320x4_M320x320x4_M320x320x4, 1228800,
5705, sgemm, M320x320x4_M320x320x4_M320x320x4, 1228800,
5706, sgemm, M320x320x4_M320x320x4_M320x320x4, 1228800,
5707, sgemm, M320x320x4_M320x320x4_M320x320x4, 1228800,
5708, sgemm, M320x320x4_M320x320x4_M320x320x4, 1228800,
5711, ssyrk, M320x320x4_M320x320x4, 819200,
5712, sgemm, M320x320x4_M320x320x4_M320x320x4, 1228800,
5713, sgemm, M320x320x4_M320x320x4_M320x320x4, 1228800,
5714, sgemm, M320x320x4_M320x320x4_M320x320x4, 1228800,
5715, sgemm, M320x320x4_M320x320x4_M320x320x4, 1228800,
5716, sgemm, M320x320x4_M320x320x4_M320x320x4, 1228800,
5717, sgemm, M320x320x4_M320x320x4_M320x320x4, 1228800,
5720, ssyrk, M320x320x4_M320x320x4, 819200,
5721, sgemm, M320x320x4_M320x320x4_M320x320x4, 1228800,
5722, sgemm, M320x320x4_M320x320x4_M320x320x4, 1228800,
5723, sgemm, M320x320x4_M320x320x4_M320x320x4, 1228800,
5724, sgemm, M320x320x4_M320x320x4_M320x320x4, 1228800,
5725, sgemm, M320x320x4_M320x320x4_M320x320x4, 1228800,
5728, ssyrk, M320x320x4_M320x320x4, 819200,
5729, sgemm, M320x320x4_M320x320x4_M320x320x4, 1228800,
5730, sgemm, M320x320x4_M320x320x4_M320x320x4, 1228800,
5731, sgemm, M320x320x4_M320x320x4_M320x320x4, 1228800,
5732, sgemm, M320x320x4_M320x320x4_M320x320x4, 1228800,
5735, ssyrk, M320x320x4_M320x320x4, 819200,
5736, sgemm, M320x320x4_M320x320x4_M320x320x4, 1228800,
5737, sgemm, M320x320x4_M320x320x4_M320x320x4, 1228800,
5738, sgemm, M320x320x4_M320x320x4_M320x320x4, 1228800,
5741, ssyrk, M320x320x4_M320x320x4, 819200,
5742, sgemm, M320x320x4_M320x320x4_M320x320x4, 1228800,
5743, sgemm, M320x320x4_M320x320x4_M320x320x4, 1228800,
5746, ssyrk, M320x320x4_M320x320x4, 819200,
5747, sgemm, M320x320x4_M320x320x4_M320x320x4, 1228800,
5750, ssyrk, M320x320x4_M320x320x4, 819200,
5753, spotrf, M320x320x4, 409600,
5754, strsm, M320x320x4_M320x320x4, 819200,
5755, strsm, M320x320x4_M320x320x4, 819200,
5756, strsm, M320x320x4_M320x320x4, 819200,
5757, strsm, M320x320x4_M320x320x4, 819200,
5758, strsm, M320x320x4_M320x320x4, 819200,
5759, strsm, M320x320x4_M320x320x4, 819200,
5760, strsm, M320x320x4_M320x320x4, 819200,
5761, strsm, M320x320x4_M320x320x4, 819200,
5762, strsm, M320x320x4_M320x320x4, 819200,
5763, strsm, M320x320x4_M320x320x4, 819200,
5766, ssyrk, M320x320x4_M320x320x4, 819200,
5767, sgemm, M320x320x4_M320x320x4_M320x320x4, 1228800,
5768, sgemm, M320x320x4_M320x320x4_M320x320x4, 1228800,
5769, sgemm, M320x320x4_M320x320x4_M320x320x4, 1228800,
5770, sgemm, M320x320x4_M320x320x4_M320x320x4, 1228800,
5771, sgemm, M320x320x4_M320x320x4_M320x320x4, 1228800,
5772, sgemm, M320x320x4_M320x320x4_M320x320x4, 1228800,
5773, sgemm, M320x320x4_M320x320x4_M320x320x4, 1228800,
5774, sgemm, M320x320x4_M320x320x4_M320x320x4, 1228800,
5775, sgemm, M320x320x4_M320x320x4_M320x320x4, 1228800,
5778, ssyrk, M320x320x4_M320x320x4, 819200,
5779, sgemm, M320x320x4_M320x320x4_M320x320x4, 1228800,
5780, sgemm, M320x320x4_M320x320x4_M320x320x4, 1228800,
5781, sgemm, M320x320x4_M320x320x4_M320x320x4, 1228800,
5782, sgemm, M320x320x4_M320x320x4_M320x320x4, 1228800,
5783, sgemm, M320x320x4_M320x320x4_M320x320x4, 1228800,
5784, sgemm, M320x320x4_M320x320x4_M320x320x4, 1228800,
5785, sgemm, M320x320x4_M320x320x4_M320x320x4, 1228800,
5786, sgemm, M320x320x4_M320x320x4_M320x320x4, 1228800,
5789, ssyrk, M320x320x4_M320x320x4, 819200,
5790, sgemm, M320x320x4_M320x320x4_M320x320x4, 1228800,
5791, sgemm, M320x320x4_M320x320x4_M320x320x4, 1228800,
5792, sgemm, M320x320x4_M320x320x4_M320x320x4, 1228800,
5793, sgemm, M320x320x4_M320x320x4_M320x320x4, 1228800,
5794, sgemm, M320x320x4_M320x320x4_M320x320x4, 1228800,
5795, sgemm, M320x320x4_M320x320x4_M320x320x4, 1228800,
5796, sgemm, M320x320x4_M320x320x4_M320x320x4, 1228800,
5799, ssyrk, M320x320x4_M320x320x4, 819200,
5800, sgemm, M320x320x4_M320x320x4_M320x320x4, 1228800,
5801, sgemm, M320x320x4_M320x320x4_M320x320x4, 1228800,
5802, sgemm, M320x320x4_M320x320x4_M320x320x4, 1228800,
5803, sgemm, M320x320x4_M320x320x4_M320x320x4, 1228800,
5804, sgemm, M320x320x4_M320x320x4_M320x320x4, 1228800,
5805, sgemm, M320x320x4_M320x320x4_M320x320x4, 1228800,
5808, ssyrk, M320x320x4_M320x320x4, 819200,
5809, sgemm, M320x320x4_M320x320x4_M320x320x4, 1228800,
5810, sgemm, M320x320x4_M320x320x4_M320x320x4, 1228800,
5811, sgemm, M320x320x4_M320x320x4_M320x320x4, 1228800,
5812, sgemm, M320x320x4_M320x320x4_M320x320x4, 1228800,
5813, sgemm, M320x320x4_M320x320x4_M320x320x4, 1228800,
5816, ssyrk, M320x320x4_M320x320x4, 819200,
5817, sgemm, M320x320x4_M320x320x4_M320x320x4, 1228800,
5818, sgemm, M320x320x4_M320x320x4_M320x320x4, 1228800,
5819, sgemm, M320x320x4_M320x320x4_M320x320x4, 1228800,
5820, sgemm, M320x320x4_M320x320x4_M320x320x4, 1228800,
5823, ssyrk, M320x320x4_M320x320x4, 819200,
5824, sgemm, M320x320x4_M320x320x4_M320x320x4, 1228800,
5825, sgemm, M320x320x4_M320x320x4_M320x320x4, 1228800,
5826, sgemm, M320x320x4_M320x320x4_M320x320x4, 1228800,
5829, ssyrk, M320x320x4_M320x320x4, 819200,
5830, sgemm, M320x320x4_M320x320x4_M320x320x4, 1228800,
5831, sgemm, M320x320x4_M320x320x4_M320x320x4, 1228800,
5834, ssyrk, M320x320x4_M320x320x4, 819200,
5835, sgemm, M320x320x4_M320x320x4_M320x320x4, 1228800,
5838, ssyrk, M320x320x4_M320x320x4, 819200,
5841, spotrf, M320x320x4, 409600,
5842, strsm, M320x320x4_M320x320x4, 819200,
5843, strsm, M320x320x4_M320x320x4, 819200,
5844, strsm, M320x320x4_M320x320x4, 819200,
5845, strsm, M320x320x4_M320x320x4, 819200,
5846, strsm, M320x320x4_M320x320x4, 819200,
5847, strsm, M320x320x4_M320x320x4, 819200,
5848, strsm, M320x320x4_M320x320x4, 819200,
5849, strsm, M320x320x4_M320x320x4, 819200,
5850, strsm, M320x320x4_M320x320x4, 819200,
5853, ssyrk, M320x320x4_M320x320x4, 819200,
5854, sgemm, M320x320x4_M320x320x4_M320x320x4, 1228800,
5855, sgemm, M320x320x4_M320x320x4_M320x320x4, 1228800,
5856, sgemm, M320x320x4_M320x320x4_M320x320x4, 1228800,
5857, sgemm, M320x320x4_M320x320x4_M320x320x4, 1228800,
5858, sgemm, M320x320x4_M320x320x4_M320x320x4, 1228800,
5859, sgemm, M320x320x4_M320x320x4_M320x320x4, 1228800,
5860, sgemm, M320x320x4_M320x320x4_M320x320x4, 1228800,
5861, sgemm, M320x320x4_M320x320x4_M320x320x4, 1228800,
5864, ssyrk, M320x320x4_M320x320x4, 819200,
5865, sgemm, M320x320x4_M320x320x4_M320x320x4, 1228800,
5866, sgemm, M320x320x4_M320x320x4_M320x320x4, 1228800,
5867, sgemm, M320x320x4_M320x320x4_M320x320x4, 1228800,
5868, sgemm, M320x320x4_M320x320x4_M320x320x4, 1228800,
5869, sgemm, M320x320x4_M320x320x4_M320x320x4, 1228800,
5870, sgemm, M320x320x4_M320x320x4_M320x320x4, 1228800,
5871, sgemm, M320x320x4_M320x320x4_M320x320x4, 1228800,
5874, ssyrk, M320x320x4_M320x320x4, 819200,
5875, sgemm, M320x320x4_M320x320x4_M320x320x4, 1228800,
5876, sgemm, M320x320x4_M320x320x4_M320x320x4, 1228800,
5877, sgemm, M320x320x4_M320x320x4_M320x320x4, 1228800,
5878, sgemm, M320x320x4_M320x320x4_M320x320x4, 1228800,
5879, sgemm, M320x320x4_M320x320x4_M320x320x4, 1228800,
5880, sgemm, M320x320x4_M320x320x4_M320x320x4, 1228800,
5883, ssyrk, M320x320x4_M320x320x4, 819200,
5884, sgemm, M320x320x4_M320x320x4_M320x320x4, 1228800,
5885, sgemm, M320x320x4_M320x320x4_M320x320x4, 1228800,
5886, sgemm, M320x320x4_M320x320x4_M320x320x4, 1228800,
5887, sgemm, M320x320x4_M320x320x4_M320x320x4, 1228800,
5888, sgemm, M320x320x4_M320x320x4_M320x320x4, 1228800,
5891, ssyrk, M320x320x4_M320x320x4, 819200,
5892, sgemm, M320x320x4_M320x320x4_M320x320x4, 1228800,
5893, sgemm, M320x320x4_M320x320x4_M320x320x4, 1228800,
5894, sgemm, M320x320x4_M320x320x4_M320x320x4, 1228800,
5895, sgemm, M320x320x4_M320x320x4_M320x320x4, 1228800,
5898, ssyrk, M320x320x4_M320x320x4, 819200,
5899, sgemm, M320x320x4_M320x320x4_M320x320x4, 1228800,
5900, sgemm, M320x320x4_M320x320x4_M320x320x4, 1228800,
5901, sgemm, M320x320x4_M320x320x4_M320x320x4, 1228800,
5904, ssyrk, M320x320x4_M320x320x4, 819200,
5905, sgemm, M320x320x4_M320x320x4_M320x320x4, 1228800,
5906, sgemm, M320x320x4_M320x320x4_M320x320x4, 1228800,
5909, ssyrk, M320x320x4_M320x320x4, 819200,
5910, sgemm, M320x320x4_M320x320x4_M320x320x4, 1228800,
5913, ssyrk, M320x320x4_M320x320x4, 819200,
5916, spotrf, M320x320x4, 409600,
5917, strsm, M320x320x4_M320x320x4, 819200,
5918, strsm, M320x320x4_M320x320x4, 819200,
5919, strsm, M320x320x4_M320x320x4, 819200,
5920, strsm, M320x320x4_M320x320x4, 819200,
5921, strsm, M320x320x4_M320x320x4, 819200,
5922, strsm, M320x320x4_M320x320x4, 819200,
5923, strsm, M320x320x4_M320x320x4, 819200,
5924, strsm, M320x320x4_M320x320x4, 819200,
5927, ssyrk, M320x320x4_M320x320x4, 819200,
5928, sgemm, M320x320x4_M320x320x4_M320x320x4, 1228800,
5929, sgemm, M320x320x4_M320x320x4_M320x320x4, 1228800,
5930, sgemm, M320x320x4_M320x320x4_M320x320x4, 1228800,
5931, sgemm, M320x320x4_M320x320x4_M320x320x4, 1228800,
5932, sgemm, M320x320x4_M320x320x4_M320x320x4, 1228800,
5933, sgemm, M320x320x4_M320x320x4_M320x320x4, 1228800,
5934, sgemm, M320x320x4_M320x320x4_M320x320x4, 1228800,
5937, ssyrk, M320x320x4_M320x320x4, 819200,
5938, sgemm, M320x320x4_M320x320x4_M320x320x4, 1228800,
5939, sgemm, M320x320x4_M320x320x4_M320x320x4, 1228800,
5940, sgemm, M320x320x4_M320x320x4_M320x320x4, 1228800,
5941, sgemm, M320x320x4_M320x320x4_M320x320x4, 1228800,
5942, sgemm, M320x320x4_M320x320x4_M320x320x4, 1228800,
5943, sgemm, M320x320x4_M320x320x4_M320x320x4, 1228800,
5946, ssyrk, M320x320x4_M320x320x4, 819200,
5947, sgemm, M320x320x4_M320x320x4_M320x320x4, 1228800,
5948, sgemm, M320x320x4_M320x320x4_M320x320x4, 1228800,
5949, sgemm, M320x320x4_M320x320x4_M320x320x4, 1228800,
5950, sgemm, M320x320x4_M320x320x4_M320x320x4, 1228800,
5951, sgemm, M320x320x4_M320x320x4_M320x320x4, 1228800,
5954, ssyrk, M320x320x4_M320x320x4, 819200,
5955, sgemm, M320x320x4_M320x320x4_M320x320x4, 1228800,
5956, sgemm, M320x320x4_M320x320x4_M320x320x4, 1228800,
5957, sgemm, M320x320x4_M320x320x4_M320x320x4, 1228800,
5958, sgemm, M320x320x4_M320x320x4_M320x320x4, 1228800,
5961, ssyrk, M320x320x4_M320x320x4, 819200,
5962, sgemm, M320x320x4_M320x320x4_M320x320x4, 1228800,
5963, sgemm, M320x320x4_M320x320x4_M320x320x4, 1228800,
5964, sgemm, M320x320x4_M320x320x4_M320x320x4, 1228800,
5967, ssyrk, M320x320x4_M320x320x4, 819200,
5968, sgemm, M320x320x4_M320x320x4_M320x320x4, 1228800,
5969, sgemm, M320x320x4_M320x320x4_M320x320x4, 1228800,
5972, ssyrk, M320x320x4_M320x320x4, 819200,
5973, sgemm, M320x320x4_M320x320x4_M320x320x4, 1228800,
5976, ssyrk, M320x320x4_M320x320x4, 819200,
5979, spotrf, M320x320x4, 409600,
5980, strsm, M320x320x4_M320x320x4, 819200,
5981, strsm, M320x320x4_M320x320x4, 819200,
5982, strsm, M320x320x4_M320x320x4, 819200,
5983, strsm, M320x320x4_M320x320x4, 819200,
5984, strsm, M320x320x4_M320x320x4, 819200,
5985, strsm, M320x320x4_M320x320x4, 819200,
5986, strsm, M320x320x4_M320x320x4, 819200,
5989, ssyrk, M320x320x4_M320x320x4, 819200,
5990, sgemm, M320x320x4_M320x320x4_M320x320x4, 1228800,
5991, sgemm, M320x320x4_M320x320x4_M320x320x4, 1228800,
5992, sgemm, M320x320x4_M320x320x4_M320x320x4, 1228800,
5993, sgemm, M320x320x4_M320x320x4_M320x320x4, 1228800,
5994, sgemm, M320x320x4_M320x320x4_M320x320x4, 1228800,
5995, sgemm, M320x320x4_M320x320x4_M320x320x4, 1228800,
5998, ssyrk, M320x320x4_M320x320x4, 819200,
5999, sgemm, M320x320x4_M320x320x4_M320x320x4, 1228800,
6000, sgemm, M320x320x4_M320x320x4_M320x320x4, 1228800,
6001, sgemm, M320x320x4_M320x320x4_M320x320x4, 1228800,
6002, sgemm, M320x320x4_M320x320x4_M320x320x4, 1228800,
6003, sgemm, M320x320x4_M320x320x4_M320x320x4, 1228800,
6006, ssyrk, M320x320x4_M320x320x4, 819200,
6007, sgemm, M320x320x4_M320x320x4_M320x320x4, 1228800,
6008, sgemm, M320x320x4_M320x320x4_M320x320x4, 1228800,
6009, sgemm, M320x320x4_M320x320x4_M320x320x4, 1228800,
6010, sgemm, M320x320x4_M320x320x4_M320x320x4, 1228800,
6013, ssyrk, M320x320x4_M320x320x4, 819200,
6014, sgemm, M320x320x4_M320x320x4_M320x320x4, 1228800,
6015, sgemm, M320x320x4_M320x320x4_M320x320x4, 1228800,
6016, sgemm, M320x320x4_M320x320x4_M320x320x4, 1228800,
6019, ssyrk, M320x320x4_M320x320x4, 819200,
6020, sgemm, M320x320x4_M320x320x4_M320x320x4, 1228800,
6021, sgemm, M320x320x4_M320x320x4_M320x320x4, 1228800,
6024, ssyrk, M320x320x4_M320x320x4, 819200,
6025, sgemm, M320x320x4_M320x320x4_M320x320x4, 1228800,
6028, ssyrk, M320x320x4_M320x320x4, 819200,
6031, spotrf, M320x320x4, 409600,
6032, strsm, M320x320x4_M320x320x4, 819200,
6033, strsm, M320x320x4_M320x320x4, 819200,
6034, strsm, M320x320x4_M320x320x4, 819200,
6035, strsm, M320x320x4_M320x320x4, 819200,
6036, strsm, M320x320x4_M320x320x4, 819200,
6037, strsm, M320x320x4_M320x320x4, 819200,
6040, ssyrk, M320x320x4_M320x320x4, 819200,
6041, sgemm, M320x320x4_M320x320x4_M320x320x4, 1228800,
6042, sgemm, M320x320x4_M320x320x4_M320x320x4, 1228800,
6043, sgemm, M320x320x4_M320x320x4_M320x320x4, 1228800,
6044, sgemm, M320x320x4_M320x320x4_M320x320x4, 1228800,
6045, sgemm, M320x320x4_M320x320x4_M320x320x4, 1228800,
6048, ssyrk, M320x320x4_M320x320x4, 819200,
6049, sgemm, M320x320x4_M320x320x4_M320x320x4, 1228800,
6050, sgemm, M320x320x4_M320x320x4_M320x320x4, 1228800,
6051, sgemm, M320x320x4_M320x320x4_M320x320x4, 1228800,
6052, sgemm, M320x320x4_M320x320x4_M320x320x4, 1228800,
6055, ssyrk, M320x320x4_M320x320x4, 819200,
6056, sgemm, M320x320x4_M320x320x4_M320x320x4, 1228800,
6057, sgemm, M320x320x4_M320x320x4_M320x320x4, 1228800,
6058, sgemm, M320x320x4_M320x320x4_M320x320x4, 1228800,
6061, ssyrk, M320x320x4_M320x320x4, 819200,
6062, sgemm, M320x320x4_M320x320x4_M320x320x4, 1228800,
6063, sgemm, M320x320x4_M320x320x4_M320x320x4, 1228800,
6066, ssyrk, M320x320x4_M320x320x4, 819200,
6067, sgemm, M320x320x4_M320x320x4_M320x320x4, 1228800,
6070, ssyrk, M320x320x4_M320x320x4, 819200,
6073, spotrf, M320x320x4, 409600,
6074, strsm, M320x320x4_M320x320x4, 819200,
6075, strsm, M320x320x4_M320x320x4, 819200,
6076, strsm, M320x320x4_M320x320x4, 819200,
6077, strsm, M320x320x4_M320x320x4, 819200,
6078, strsm, M320x320x4_M320x320x4, 819200,
6081, ssyrk, M320x320x4_M320x320x4, 819200,
6082, sgemm, M320x320x4_M320x320x4_M320x320x4, 1228800,
6083, sgemm, M320x320x4_M320x320x4_M320x320x4, 1228800,
6084, sgemm, M320x320x4_M320x320x4_M320x320x4, 1228800,
6085, sgemm, M320x320x4_M320x320x4_M320x320x4, 1228800,
6088, ssyrk, M320x320x4_M320x320x4, 819200,
6089, sgemm, M320x320x4_M320x320x4_M320x320x4, 1228800,
6090, sgemm, M320x320x4_M320x320x4_M320x320x4, 1228800,
6091, sgemm, M320x320x4_M320x320x4_M320x320x4, 1228800,
6094, ssyrk, M320x320x4_M320x320x4, 819200,
6095, sgemm, M320x320x4_M320x320x4_M320x320x4, 1228800,
6096, sgemm, M320x320x4_M320x320x4_M320x320x4, 1228800,
6099, ssyrk, M320x320x4_M320x320x4, 819200,
6100, sgemm, M320x320x4_M320x320x4_M320x320x4, 1228800,
6103, ssyrk, M320x320x4_M320x320x4, 819200,
6106, spotrf, M320x320x4, 409600,
6107, strsm, M320x320x4_M320x320x4, 819200,
6108, strsm, M320x320x4_M320x320x4, 819200,
6109, strsm, M320x320x4_M320x320x4, 819200,
6110, strsm, M320x320x4_M320x320x4, 819200,
6113, ssyrk, M320x320x4_M320x320x4, 819200,
6114, sgemm, M320x320x4_M320x320x4_M320x320x4, 1228800,
6115, sgemm, M320x320x4_M320x320x4_M320x320x4, 1228800,
6116, sgemm, M320x320x4_M320x320x4_M320x320x4, 1228800,
6119, ssyrk, M320x320x4_M320x320x4, 819200,
6120, sgemm, M320x320x4_M320x320x4_M320x320x4, 1228800,
6121, sgemm, M320x320x4_M320x320x4_M320x320x4, 1228800,
6124, ssyrk, M320x320x4_M320x320x4, 819200,
6125, sgemm, M320x320x4_M320x320x4_M320x320x4, 1228800,
6128, ssyrk, M320x320x4_M320x320x4, 819200,
6131, spotrf, M320x320x4, 409600,
6132, strsm, M320x320x4_M320x320x4, 819200,
6133, strsm, M320x320x4_M320x320x4, 819200,
6134, strsm, M320x320x4_M320x320x4, 819200,
6137, ssyrk, M320x320x4_M320x320x4, 819200,
6138, sgemm, M320x320x4_M320x320x4_M320x320x4, 1228800,
6139, sgemm, M320x320x4_M320x320x4_M320x320x4, 1228800,
6142, ssyrk, M320x320x4_M320x320x4, 819200,
6143, sgemm, M320x320x4_M320x320x4_M320x320x4, 1228800,
6146, ssyrk, M320x320x4_M320x320x4, 819200,
6149, spotrf, M320x320x4, 409600,
6150, strsm, M320x320x4_M320x320x4, 819200,
6151, strsm, M320x320x4_M320x320x4, 819200,
6154, ssyrk, M320x320x4_M320x320x4, 819200,
6155, sgemm, M320x320x4_M320x320x4_M320x320x4, 1228800,
6158, ssyrk, M320x320x4_M320x320x4, 819200,
6161, spotrf, M320x320x4, 409600,
6162, strsm, M320x320x4_M320x320x4, 819200,
6165, ssyrk, M320x320x4_M320x320x4, 819200,
6168, spotrf, M320x320x4, 409600,
