245, sgetrf_nopiv, M640x640x4, 1638400,
246, strsm, M640x640x4_M640x640x4, 3276800,
247, strsm, M640x640x4_M640x640x4, 3276800,
248, strsm, M640x640x4_M640x640x4, 3276800,
249, strsm, M640x640x4_M640x640x4, 3276800,
250, strsm, M640x640x4_M640x640x4, 3276800,
251, sgemm, M640x640x4_M640x640x4_M640x640x4, 4915200,
252, sgemm, M640x640x4_M640x640x4_M640x640x4, 4915200,
253, sgemm, M640x640x4_M640x640x4_M640x640x4, 4915200,
254, sgemm, M640x640x4_M640x640x4_M640x640x4, 4915200,
255, strsm, M640x640x4_M640x640x4, 3276800,
256, sgemm, M640x640x4_M640x640x4_M640x640x4, 4915200,
257, sgemm, M640x640x4_M640x640x4_M640x640x4, 4915200,
258, sgemm, M640x640x4_M640x640x4_M640x640x4, 4915200,
259, sgemm, M640x640x4_M640x640x4_M640x640x4, 4915200,
260, strsm, M640x640x4_M640x640x4, 3276800,
261, sgemm, M640x640x4_M640x640x4_M640x640x4, 4915200,
262, sgemm, M640x640x4_M640x640x4_M640x640x4, 4915200,
263, sgemm, M640x640x4_M640x640x4_M640x640x4, 4915200,
264, sgemm, M640x640x4_M640x640x4_M640x640x4, 4915200,
265, strsm, M640x640x4_M640x640x4, 3276800,
266, sgemm, M640x640x4_M640x640x4_M640x640x4, 4915200,
267, sgemm, M640x640x4_M640x640x4_M640x640x4, 4915200,
268, sgemm, M640x640x4_M640x640x4_M640x640x4, 4915200,
269, sgemm, M640x640x4_M640x640x4_M640x640x4, 4915200,
270, sgetrf_nopiv, M640x640x4, 1638400,
271, strsm, M640x640x4_M640x640x4, 3276800,
272, strsm, M640x640x4_M640x640x4, 3276800,
273, strsm, M640x640x4_M640x640x4, 3276800,
274, strsm, M640x640x4_M640x640x4, 3276800,
275, sgemm, M640x640x4_M640x640x4_M640x640x4, 4915200,
276, sgemm, M640x640x4_M640x640x4_M640x640x4, 4915200,
277, sgemm, M640x640x4_M640x640x4_M640x640x4, 4915200,
278, strsm, M640x640x4_M640x640x4, 3276800,
279, sgemm, M640x640x4_M640x640x4_M640x640x4, 4915200,
280, sgemm, M640x640x4_M640x640x4_M640x640x4, 4915200,
281, sgemm, M640x640x4_M640x640x4_M640x640x4, 4915200,
282, strsm, M640x640x4_M640x640x4, 3276800,
283, sgemm, M640x640x4_M640x640x4_M640x640x4, 4915200,
284, sgemm, M640x640x4_M640x640x4_M640x640x4, 4915200,
285, sgemm, M640x640x4_M640x640x4_M640x640x4, 4915200,
286, sgetrf_nopiv, M640x640x4, 1638400,
287, strsm, M640x640x4_M640x640x4, 3276800,
288, strsm, M640x640x4_M640x640x4, 3276800,
289, strsm, M640x640x4_M640x640x4, 3276800,
290, sgemm, M640x640x4_M640x640x4_M640x640x4, 4915200,
291, sgemm, M640x640x4_M640x640x4_M640x640x4, 4915200,
292, strsm, M640x640x4_M640x640x4, 3276800,
293, sgemm, M640x640x4_M640x640x4_M640x640x4, 4915200,
294, sgemm, M640x640x4_M640x640x4_M640x640x4, 4915200,
295, sgetrf_nopiv, M640x640x4, 1638400,
296, strsm, M640x640x4_M640x640x4, 3276800,
297, strsm, M640x640x4_M640x640x4, 3276800,
298, sgemm, M640x640x4_M640x640x4_M640x640x4, 4915200,
299, sgetrf_nopiv, M640x640x4, 1638400,
