757, sasum, M512x512x4_M512x1x4, 1050624,	797, sasum, M512x512x4_M512x1x4, 1050624, 40
758, sasum, M512x512x4_M512x1x4, 1050624,	798, sasum, M512x512x4_M512x1x4, 1050624, 40
759, sasum, M512x512x4_M512x1x4, 1050624,	799, sasum, M512x512x4_M512x1x4, 1050624, 40
760, sasum, M512x512x4_M512x1x4, 1050624,	800, sasum, M512x512x4_M512x1x4, 1050624, 40
761, sasum, M512x512x4_M512x1x4, 1050624,	801, sasum, M512x512x4_M512x1x4, 1050624, 40
762, sasum, M512x512x4_M512x1x4, 1050624,	802, sasum, M512x512x4_M512x1x4, 1050624, 40
763, sasum, M512x512x4_M512x1x4, 1050624,	803, sasum, M512x512x4_M512x1x4, 1050624, 40
764, sasum, M512x512x4_M512x1x4, 1050624,	804, sasum, M512x512x4_M512x1x4, 1050624, 40
765, sasum, M512x512x4_M512x1x4, 1050624,	805, sasum, M512x512x4_M512x1x4, 1050624, 40
766, sasum, M512x512x4_M512x1x4, 1050624,	806, sasum, M512x512x4_M512x1x4, 1050624, 40
789, sasum, M512x512x4_M512x1x4, 1050624,	829, sasum, M512x512x4_M512x1x4, 1050624, 40
790, sasum, M512x512x4_M512x1x4, 1050624,	830, sasum, M512x512x4_M512x1x4, 1050624, 40
791, sasum, M512x512x4_M512x1x4, 1050624,	831, sasum, M512x512x4_M512x1x4, 1050624, 40
792, sasum, M512x512x4_M512x1x4, 1050624,	832, sasum, M512x512x4_M512x1x4, 1050624, 40
793, sasum, M512x512x4_M512x1x4, 1050624,	833, sasum, M512x512x4_M512x1x4, 1050624, 40
794, sasum, M512x512x4_M512x1x4, 1050624,	834, sasum, M512x512x4_M512x1x4, 1050624, 40
795, sasum, M512x512x4_M512x1x4, 1050624,	835, sasum, M512x512x4_M512x1x4, 1050624, 40
796, sasum, M512x512x4_M512x1x4, 1050624,	836, sasum, M512x512x4_M512x1x4, 1050624, 40
797, sasum, M512x512x4_M512x1x4, 1050624,	837, sasum, M512x512x4_M512x1x4, 1050624, 40
798, sasum, M512x512x4_M512x1x4, 1050624,	838, sasum, M512x512x4_M512x1x4, 1050624, 40
821, sasum, M512x512x4_M512x1x4, 1050624,	861, sasum, M512x512x4_M512x1x4, 1050624, 40
822, sasum, M512x512x4_M512x1x4, 1050624,	862, sasum, M512x512x4_M512x1x4, 1050624, 40
823, sasum, M512x512x4_M512x1x4, 1050624,	863, sasum, M512x512x4_M512x1x4, 1050624, 40
824, sasum, M512x512x4_M512x1x4, 1050624,	864, sasum, M512x512x4_M512x1x4, 1050624, 40
825, sasum, M512x512x4_M512x1x4, 1050624,	865, sasum, M512x512x4_M512x1x4, 1050624, 40
826, sasum, M512x512x4_M512x1x4, 1050624,	866, sasum, M512x512x4_M512x1x4, 1050624, 40
827, sasum, M512x512x4_M512x1x4, 1050624,	867, sasum, M512x512x4_M512x1x4, 1050624, 40
828, sasum, M512x512x4_M512x1x4, 1050624,	868, sasum, M512x512x4_M512x1x4, 1050624, 40
829, sasum, M512x512x4_M512x1x4, 1050624,	869, sasum, M512x512x4_M512x1x4, 1050624, 40
830, sasum, M512x512x4_M512x1x4, 1050624,	870, sasum, M512x512x4_M512x1x4, 1050624, 40
853, sasum, M512x512x4_M512x1x4, 1050624,	893, sasum, M512x512x4_M512x1x4, 1050624, 40
854, sasum, M512x512x4_M512x1x4, 1050624,	894, sasum, M512x512x4_M512x1x4, 1050624, 40
855, sasum, M512x512x4_M512x1x4, 1050624,	895, sasum, M512x512x4_M512x1x4, 1050624, 40
856, sasum, M512x512x4_M512x1x4, 1050624,	896, sasum, M512x512x4_M512x1x4, 1050624, 40
857, sasum, M512x512x4_M512x1x4, 1050624,	897, sasum, M512x512x4_M512x1x4, 1050624, 40
858, sasum, M512x512x4_M512x1x4, 1050624,	898, sasum, M512x512x4_M512x1x4, 1050624, 40
859, sasum, M512x512x4_M512x1x4, 1050624,	899, sasum, M512x512x4_M512x1x4, 1050624, 40
860, sasum, M512x512x4_M512x1x4, 1050624,	900, sasum, M512x512x4_M512x1x4, 1050624, 40
861, sasum, M512x512x4_M512x1x4, 1050624,	901, sasum, M512x512x4_M512x1x4, 1050624, 40
862, sasum, M512x512x4_M512x1x4, 1050624,	902, sasum, M512x512x4_M512x1x4, 1050624, 40
885, sasum, M512x512x4_M512x1x4, 1050624,	925, sasum, M512x512x4_M512x1x4, 1050624, 40
886, sasum, M512x512x4_M512x1x4, 1050624,	926, sasum, M512x512x4_M512x1x4, 1050624, 40
887, sasum, M512x512x4_M512x1x4, 1050624,	927, sasum, M512x512x4_M512x1x4, 1050624, 40
888, sasum, M512x512x4_M512x1x4, 1050624,	928, sasum, M512x512x4_M512x1x4, 1050624, 40
889, sasum, M512x512x4_M512x1x4, 1050624,	929, sasum, M512x512x4_M512x1x4, 1050624, 40
890, sasum, M512x512x4_M512x1x4, 1050624,	930, sasum, M512x512x4_M512x1x4, 1050624, 40
891, sasum, M512x512x4_M512x1x4, 1050624,	931, sasum, M512x512x4_M512x1x4, 1050624, 40
892, sasum, M512x512x4_M512x1x4, 1050624,	932, sasum, M512x512x4_M512x1x4, 1050624, 40
893, sasum, M512x512x4_M512x1x4, 1050624,	933, sasum, M512x512x4_M512x1x4, 1050624, 40
894, sasum, M512x512x4_M512x1x4, 1050624,	934, sasum, M512x512x4_M512x1x4, 1050624, 40
917, sasum, M512x512x4_M512x1x4, 1050624,	957, sasum, M512x512x4_M512x1x4, 1050624, 40
918, sasum, M512x512x4_M512x1x4, 1050624,	958, sasum, M512x512x4_M512x1x4, 1050624, 40
919, sasum, M512x512x4_M512x1x4, 1050624,	959, sasum, M512x512x4_M512x1x4, 1050624, 40
920, sasum, M512x512x4_M512x1x4, 1050624,	960, sasum, M512x512x4_M512x1x4, 1050624, 40
921, sasum, M512x512x4_M512x1x4, 1050624,	961, sasum, M512x512x4_M512x1x4, 1050624, 40
922, sasum, M512x512x4_M512x1x4, 1050624,	962, sasum, M512x512x4_M512x1x4, 1050624, 40
923, sasum, M512x512x4_M512x1x4, 1050624,	963, sasum, M512x512x4_M512x1x4, 1050624, 40
924, sasum, M512x512x4_M512x1x4, 1050624,	964, sasum, M512x512x4_M512x1x4, 1050624, 40
925, sasum, M512x512x4_M512x1x4, 1050624,	965, sasum, M512x512x4_M512x1x4, 1050624, 40
926, sasum, M512x512x4_M512x1x4, 1050624,	966, sasum, M512x512x4_M512x1x4, 1050624, 40
949, sasum, M512x512x4_M512x1x4, 1050624,	989, sasum, M512x512x4_M512x1x4, 1050624, 40
950, sasum, M512x512x4_M512x1x4, 1050624,	990, sasum, M512x512x4_M512x1x4, 1050624, 40
951, sasum, M512x512x4_M512x1x4, 1050624,	991, sasum, M512x512x4_M512x1x4, 1050624, 40
952, sasum, M512x512x4_M512x1x4, 1050624,	992, sasum, M512x512x4_M512x1x4, 1050624, 40
953, sasum, M512x512x4_M512x1x4, 1050624,	993, sasum, M512x512x4_M512x1x4, 1050624, 40
954, sasum, M512x512x4_M512x1x4, 1050624,	994, sasum, M512x512x4_M512x1x4, 1050624, 40
955, sasum, M512x512x4_M512x1x4, 1050624,	995, sasum, M512x512x4_M512x1x4, 1050624, 40
956, sasum, M512x512x4_M512x1x4, 1050624,	996, sasum, M512x512x4_M512x1x4, 1050624, 40
957, sasum, M512x512x4_M512x1x4, 1050624,	997, sasum, M512x512x4_M512x1x4, 1050624, 40
958, sasum, M512x512x4_M512x1x4, 1050624,	998, sasum, M512x512x4_M512x1x4, 1050624, 40
981, sasum, M512x512x4_M512x1x4, 1050624,	1021, sasum, M512x512x4_M512x1x4, 1050624, 40
982, sasum, M512x512x4_M512x1x4, 1050624,	1022, sasum, M512x512x4_M512x1x4, 1050624, 40
983, sasum, M512x512x4_M512x1x4, 1050624,	1023, sasum, M512x512x4_M512x1x4, 1050624, 40
984, sasum, M512x512x4_M512x1x4, 1050624,	1024, sasum, M512x512x4_M512x1x4, 1050624, 40
985, sasum, M512x512x4_M512x1x4, 1050624,	1025, sasum, M512x512x4_M512x1x4, 1050624, 40
986, sasum, M512x512x4_M512x1x4, 1050624,	1026, sasum, M512x512x4_M512x1x4, 1050624, 40
987, sasum, M512x512x4_M512x1x4, 1050624,	1027, sasum, M512x512x4_M512x1x4, 1050624, 40
988, sasum, M512x512x4_M512x1x4, 1050624,	1028, sasum, M512x512x4_M512x1x4, 1050624, 40
989, sasum, M512x512x4_M512x1x4, 1050624,	1029, sasum, M512x512x4_M512x1x4, 1050624, 40
990, sasum, M512x512x4_M512x1x4, 1050624,	1030, sasum, M512x512x4_M512x1x4, 1050624, 40
1013, sasum, M512x512x4_M512x1x4, 1050624,	1053, sasum, M512x512x4_M512x1x4, 1050624, 40
1014, sasum, M512x512x4_M512x1x4, 1050624,	1054, sasum, M512x512x4_M512x1x4, 1050624, 40
1015, sasum, M512x512x4_M512x1x4, 1050624,	1055, sasum, M512x512x4_M512x1x4, 1050624, 40
1016, sasum, M512x512x4_M512x1x4, 1050624,	1056, sasum, M512x512x4_M512x1x4, 1050624, 40
1017, sasum, M512x512x4_M512x1x4, 1050624,	1057, sasum, M512x512x4_M512x1x4, 1050624, 40
1018, sasum, M512x512x4_M512x1x4, 1050624,	1058, sasum, M512x512x4_M512x1x4, 1050624, 40
1019, sasum, M512x512x4_M512x1x4, 1050624,	1059, sasum, M512x512x4_M512x1x4, 1050624, 40
1020, sasum, M512x512x4_M512x1x4, 1050624,	1060, sasum, M512x512x4_M512x1x4, 1050624, 40
1021, sasum, M512x512x4_M512x1x4, 1050624,	1061, sasum, M512x512x4_M512x1x4, 1050624, 40
1022, sasum, M512x512x4_M512x1x4, 1050624,	1062, sasum, M512x512x4_M512x1x4, 1050624, 40
1045, sasum, M512x512x4_M512x1x4, 1050624,	1085, sasum, M512x512x4_M512x1x4, 1050624, 40
1046, sasum, M512x512x4_M512x1x4, 1050624,	1086, sasum, M512x512x4_M512x1x4, 1050624, 40
1047, sasum, M512x512x4_M512x1x4, 1050624,	1087, sasum, M512x512x4_M512x1x4, 1050624, 40
1048, sasum, M512x512x4_M512x1x4, 1050624,	1088, sasum, M512x512x4_M512x1x4, 1050624, 40
1049, sasum, M512x512x4_M512x1x4, 1050624,	1089, sasum, M512x512x4_M512x1x4, 1050624, 40
1050, sasum, M512x512x4_M512x1x4, 1050624,	1090, sasum, M512x512x4_M512x1x4, 1050624, 40
1051, sasum, M512x512x4_M512x1x4, 1050624,	1091, sasum, M512x512x4_M512x1x4, 1050624, 40
1052, sasum, M512x512x4_M512x1x4, 1050624,	1092, sasum, M512x512x4_M512x1x4, 1050624, 40
1053, sasum, M512x512x4_M512x1x4, 1050624,	1093, sasum, M512x512x4_M512x1x4, 1050624, 40
1054, sasum, M512x512x4_M512x1x4, 1050624,	1094, sasum, M512x512x4_M512x1x4, 1050624, 40
